instance,method,seed,best,wall,shap_time,fit_time,refreshes
ft06,SPT,0,109,0,0,0,0
ft06,MWKR,0,74,0,0,0,0
ft06,MOR,0,60,0,0,0,0
ft06,AS-std,1,68,0.12,0.000,0.000,0
ft06,MMAS,1,60,0.11,0.000,0.000,0
ft06,Tabu,1,69,0.01,0.000,0.000,0
ft06,SHAP-off,1,69,0.14,0.000,0.000,0
ft06,SG-ACO,1,60,1.04,0.198,0.671,2
ft06,Mag-only,1,105,0.13,0.000,0.000,0
ft06,AS-std,2,69,0.13,0.000,0.000,0
ft06,MMAS,2,66,0.12,0.000,0.000,0
ft06,Tabu,2,62,0.00,0.000,0.000,0
ft06,SHAP-off,2,67,0.14,0.000,0.000,0
ft06,SG-ACO,2,67,0.57,0.092,0.334,1
ft06,Mag-only,2,100,0.13,0.000,0.000,0
ft06,AS-std,3,69,0.13,0.000,0.000,0
ft06,MMAS,3,65,0.12,0.000,0.000,0
ft06,Tabu,3,58,0.00,0.000,0.000,0
ft06,SHAP-off,3,61,0.14,0.000,0.000,0
ft06,SG-ACO,3,61,0.57,0.093,0.331,1
ft06,Mag-only,3,96,0.14,0.000,0.000,0
ft06,AS-std,4,74,0.13,0.000,0.000,0
ft06,MMAS,4,66,0.12,0.000,0.000,0
ft06,Tabu,4,58,0.00,0.000,0.000,0
ft06,SHAP-off,4,70,0.14,0.000,0.000,0
ft06,SG-ACO,4,69,1.55,0.320,1.049,3
ft06,Mag-only,4,103,0.14,0.000,0.000,0
ft06,AS-std,5,63,0.13,0.000,0.000,0
ft06,MMAS,5,66,0.11,0.000,0.000,0
ft06,Tabu,5,65,0.00,0.000,0.000,0
ft06,SHAP-off,5,65,0.14,0.000,0.000,0
ft06,SG-ACO,5,61,1.04,0.210,0.667,2
ft06,Mag-only,5,92,0.13,0.000,0.000,0
ft06,AS-std,6,70,0.13,0.000,0.000,0
ft06,MMAS,6,61,0.11,0.000,0.000,0
ft06,Tabu,6,65,0.00,0.000,0.000,0
ft06,SHAP-off,6,67,0.14,0.000,0.000,0
ft06,SG-ACO,6,67,1.05,0.190,0.676,2
ft06,Mag-only,6,98,0.19,0.000,0.000,0
ft06,AS-std,7,68,0.14,0.000,0.000,0
ft06,MMAS,7,65,0.14,0.000,0.000,0
ft06,Tabu,7,65,0.00,0.000,0.000,0
ft06,SHAP-off,7,68,0.14,0.000,0.000,0
ft06,SG-ACO,7,65,1.03,0.194,0.672,2
ft06,Mag-only,7,95,0.13,0.000,0.000,0
ft06,AS-std,8,64,0.13,0.000,0.000,0
ft06,MMAS,8,64,0.11,0.000,0.000,0
ft06,Tabu,8,62,0.00,0.000,0.000,0
ft06,SHAP-off,8,63,0.14,0.000,0.000,0
ft06,SG-ACO,8,60,1.47,0.296,0.997,3
ft06,Mag-only,8,86,0.13,0.000,0.000,0
ft06,AS-std,9,76,0.12,0.000,0.000,0
ft06,MMAS,9,63,0.11,0.000,0.000,0
ft06,Tabu,9,69,0.00,0.000,0.000,0
ft06,SHAP-off,9,68,0.14,0.000,0.000,0
ft06,SG-ACO,9,67,2.00,0.419,1.378,4
ft06,Mag-only,9,88,0.13,0.000,0.000,0
ft06,AS-std,10,67,0.14,0.000,0.000,0
ft06,MMAS,10,65,0.12,0.000,0.000,0
ft06,Tabu,10,65,0.00,0.000,0.000,0
ft06,SHAP-off,10,66,0.14,0.000,0.000,0
ft06,SG-ACO,10,66,0.59,0.095,0.336,1
ft06,Mag-only,10,93,0.14,0.000,0.000,0
ft06,AS-std,11,70,0.12,0.000,0.000,0
ft06,MMAS,11,65,0.11,0.000,0.000,0
ft06,Tabu,11,65,0.00,0.000,0.000,0
ft06,SHAP-off,11,64,0.14,0.000,0.000,0
ft06,SG-ACO,11,64,0.55,0.090,0.319,1
ft06,Mag-only,11,101,0.13,0.000,0.000,0
ft06,AS-std,12,71,0.12,0.000,0.000,0
ft06,MMAS,12,62,0.11,0.000,0.000,0
ft06,Tabu,12,62,0.00,0.000,0.000,0
ft06,SHAP-off,12,63,0.13,0.000,0.000,0
ft06,SG-ACO,12,63,0.57,0.097,0.318,1
ft06,Mag-only,12,100,0.13,0.000,0.000,0
ft06,AS-std,13,75,0.12,0.000,0.000,0
ft06,MMAS,13,67,0.11,0.000,0.000,0
ft06,Tabu,13,69,0.00,0.000,0.000,0
ft06,SHAP-off,13,66,0.13,0.000,0.000,0
ft06,SG-ACO,13,61,2.34,0.489,1.644,5
ft06,Mag-only,13,96,0.13,0.000,0.000,0
ft06,AS-std,14,67,0.12,0.000,0.000,0
ft06,MMAS,14,65,0.11,0.000,0.000,0
ft06,Tabu,14,69,0.00,0.000,0.000,0
ft06,SHAP-off,14,66,0.14,0.000,0.000,0
ft06,SG-ACO,14,66,0.55,0.088,0.317,1
ft06,Mag-only,14,88,0.12,0.000,0.000,0
ft06,AS-std,15,70,0.12,0.000,0.000,0
ft06,MMAS,15,66,0.11,0.000,0.000,0
ft06,Tabu,15,57,0.00,0.000,0.000,0
ft06,SHAP-off,15,63,0.14,0.000,0.000,0
ft06,SG-ACO,15,63,1.03,0.196,0.667,2
ft06,Mag-only,15,102,0.14,0.000,0.000,0
ft06,AS-std,16,67,0.12,0.000,0.000,0
ft06,MMAS,16,65,0.11,0.000,0.000,0
ft06,Tabu,16,65,0.00,0.000,0.000,0
ft06,SHAP-off,16,66,0.14,0.000,0.000,0
ft06,SG-ACO,16,58,1.46,0.294,0.991,3
ft06,Mag-only,16,86,0.14,0.000,0.000,0
ft06,AS-std,17,71,0.12,0.000,0.000,0
ft06,MMAS,17,63,0.11,0.000,0.000,0
ft06,Tabu,17,58,0.00,0.000,0.000,0
ft06,SHAP-off,17,66,0.14,0.000,0.000,0
ft06,SG-ACO,17,61,1.48,0.291,1.006,3
ft06,Mag-only,17,99,0.13,0.000,0.000,0
ft06,AS-std,18,69,0.12,0.000,0.000,0
ft06,MMAS,18,62,0.11,0.000,0.000,0
ft06,Tabu,18,65,0.00,0.000,0.000,0
ft06,SHAP-off,18,69,0.14,0.000,0.000,0
ft06,SG-ACO,18,61,1.46,0.295,0.984,3
ft06,Mag-only,18,102,0.13,0.000,0.000,0
ft06,AS-std,19,70,0.12,0.000,0.000,0
ft06,MMAS,19,64,0.16,0.000,0.000,0
ft06,Tabu,19,65,0.00,0.000,0.000,0
ft06,SHAP-off,19,68,0.13,0.000,0.000,0
ft06,SG-ACO,19,63,1.01,0.187,0.649,2
ft06,Mag-only,19,91,0.15,0.000,0.000,0
ft06,AS-std,20,71,0.13,0.000,0.000,0
ft06,MMAS,20,65,0.11,0.000,0.000,0
ft06,Tabu,20,69,0.00,0.000,0.000,0
ft06,SHAP-off,20,62,0.14,0.000,0.000,0
ft06,SG-ACO,20,62,0.58,0.096,0.332,1
ft06,Mag-only,20,94,0.14,0.000,0.000,0
ft06,AS-std,21,73,0.13,0.000,0.000,0
ft06,MMAS,21,67,0.11,0.000,0.000,0
ft06,Tabu,21,58,0.00,0.000,0.000,0
ft06,SHAP-off,21,65,0.14,0.000,0.000,0
ft06,SG-ACO,21,63,1.02,0.188,0.670,2
ft06,Mag-only,21,96,0.18,0.000,0.000,0
ft06,AS-std,22,67,0.13,0.000,0.000,0
ft06,MMAS,22,65,0.11,0.000,0.000,0
ft06,Tabu,22,65,0.00,0.000,0.000,0
ft06,SHAP-off,22,67,0.14,0.000,0.000,0
ft06,SG-ACO,22,64,1.01,0.189,0.652,2
ft06,Mag-only,22,99,0.13,0.000,0.000,0
ft06,AS-std,23,74,0.13,0.000,0.000,0
ft06,MMAS,23,65,0.11,0.000,0.000,0
ft06,Tabu,23,69,0.00,0.000,0.000,0
ft06,SHAP-off,23,62,0.13,0.000,0.000,0
ft06,SG-ACO,23,62,0.56,0.090,0.321,1
ft06,Mag-only,23,105,0.13,0.000,0.000,0
ft06,AS-std,24,72,0.12,0.000,0.000,0
ft06,MMAS,24,65,0.11,0.000,0.000,0
ft06,Tabu,24,58,0.00,0.000,0.000,0
ft06,SHAP-off,24,68,0.13,0.000,0.000,0
ft06,SG-ACO,24,60,1.52,0.317,1.020,3
ft06,Mag-only,24,91,0.13,0.000,0.000,0
ft06,AS-std,25,68,0.12,0.000,0.000,0
ft06,MMAS,25,59,0.11,0.000,0.000,0
ft06,Tabu,25,69,0.00,0.000,0.000,0
ft06,SHAP-off,25,65,0.14,0.000,0.000,0
ft06,SG-ACO,25,64,1.01,0.193,0.652,2
ft06,Mag-only,25,100,0.13,0.000,0.000,0
la01,SPT,0,1462,0,0,0,0
la01,MWKR,0,880,0,0,0,0
la01,MOR,0,858,0,0,0,0
la01,AS-std,1,818,0.19,0.000,0.000,0
la01,MMAS,1,818,0.16,0.000,0.000,0
la01,Tabu,1,755,0.00,0.000,0.000,0
la01,SHAP-off,1,771,0.23,0.000,0.000,0
la01,SG-ACO,1,768,1.36,0.249,0.865,2
la01,AS-std,2,863,0.19,0.000,0.000,0
la01,MMAS,2,885,0.17,0.000,0.000,0
la01,Tabu,2,775,0.00,0.000,0.000,0
la01,SHAP-off,2,804,0.23,0.000,0.000,0
la01,SG-ACO,2,789,1.40,0.266,0.891,2
la01,AS-std,3,910,0.19,0.000,0.000,0
la01,MMAS,3,898,0.17,0.000,0.000,0
la01,Tabu,3,785,0.00,0.000,0.000,0
la01,SHAP-off,3,794,0.22,0.000,0.000,0
la01,SG-ACO,3,780,1.39,0.254,0.884,2
la01,AS-std,4,857,0.19,0.000,0.000,0
la01,MMAS,4,907,0.18,0.000,0.000,0
la01,Tabu,4,775,0.00,0.000,0.000,0
la01,SHAP-off,4,794,0.22,0.000,0.000,0
la01,SG-ACO,4,766,1.36,0.248,0.863,2
la01,AS-std,5,904,0.19,0.000,0.000,0
la01,MMAS,5,876,0.16,0.000,0.000,0
la01,Tabu,5,775,0.00,0.000,0.000,0
la01,SHAP-off,5,812,0.24,0.000,0.000,0
la01,SG-ACO,5,763,4.78,1.109,3.316,7
la01,AS-std,6,867,0.19,0.000,0.000,0
la01,MMAS,6,866,0.16,0.000,0.000,0
la01,Tabu,6,775,0.00,0.000,0.000,0
la01,SHAP-off,6,802,0.22,0.000,0.000,0
la01,SG-ACO,6,787,1.37,0.262,0.869,2
la01,AS-std,7,927,0.19,0.000,0.000,0
la01,MMAS,7,831,0.16,0.000,0.000,0
la01,Tabu,7,795,0.00,0.000,0.000,0
la01,SHAP-off,7,799,0.22,0.000,0.000,0
la01,SG-ACO,7,806,2.03,0.414,1.344,3
la01,AS-std,8,900,0.18,0.000,0.000,0
la01,MMAS,8,876,0.16,0.000,0.000,0
la01,Tabu,8,775,0.00,0.000,0.000,0
la01,SHAP-off,8,744,0.22,0.000,0.000,0
la01,SG-ACO,8,764,0.78,0.127,0.422,1
la01,AS-std,9,886,0.18,0.000,0.000,0
la01,MMAS,9,891,0.16,0.000,0.000,0
la01,Tabu,9,795,0.00,0.000,0.000,0
la01,SHAP-off,9,758,0.22,0.000,0.000,0
la01,SG-ACO,9,758,0.76,0.120,0.411,1
la01,AS-std,10,890,0.18,0.000,0.000,0
la01,MMAS,10,875,0.17,0.000,0.000,0
la01,Tabu,10,795,0.00,0.000,0.000,0
la01,SHAP-off,10,789,0.22,0.000,0.000,0
la01,SG-ACO,10,803,1.43,0.275,0.910,2
la01,AS-std,11,914,0.19,0.000,0.000,0
la01,MMAS,11,896,0.16,0.000,0.000,0
la01,Tabu,11,775,0.00,0.000,0.000,0
la01,SHAP-off,11,814,0.23,0.000,0.000,0
la01,SG-ACO,11,799,2.59,0.536,1.771,4
la01,AS-std,12,906,0.19,0.000,0.000,0
la01,MMAS,12,877,0.17,0.000,0.000,0
la01,Tabu,12,795,0.00,0.000,0.000,0
la01,SHAP-off,12,770,0.22,0.000,0.000,0
la01,SG-ACO,12,776,1.35,0.250,0.849,2
la01,AS-std,13,932,0.19,0.000,0.000,0
la01,MMAS,13,866,0.17,0.000,0.000,0
la01,Tabu,13,795,0.00,0.000,0.000,0
la01,SHAP-off,13,772,0.22,0.000,0.000,0
la01,SG-ACO,13,772,0.78,0.125,0.427,1
la01,AS-std,14,950,0.19,0.000,0.000,0
la01,MMAS,14,856,0.16,0.000,0.000,0
la01,Tabu,14,775,0.00,0.000,0.000,0
la01,SHAP-off,14,806,0.23,0.000,0.000,0
la01,SG-ACO,14,755,2.72,0.568,1.850,4
la01,AS-std,15,887,0.20,0.000,0.000,0
la01,MMAS,15,858,0.18,0.000,0.000,0
la01,Tabu,15,755,0.00,0.000,0.000,0
la01,SHAP-off,15,797,0.22,0.000,0.000,0
la01,SG-ACO,15,809,1.55,0.306,0.975,2
la01,AS-std,16,865,0.21,0.000,0.000,0
la01,MMAS,16,869,0.18,0.000,0.000,0
la01,Tabu,16,775,0.00,0.000,0.000,0
la01,SHAP-off,16,758,0.23,0.000,0.000,0
la01,SG-ACO,16,758,0.81,0.123,0.440,1
la01,AS-std,17,895,0.19,0.000,0.000,0
la01,MMAS,17,861,0.16,0.000,0.000,0
la01,Tabu,17,745,0.00,0.000,0.000,0
la01,SHAP-off,17,783,0.22,0.000,0.000,0
la01,SG-ACO,17,812,1.37,0.249,0.871,2
la01,AS-std,18,878,0.18,0.000,0.000,0
la01,MMAS,18,832,0.18,0.000,0.000,0
la01,Tabu,18,778,0.00,0.000,0.000,0
la01,SHAP-off,18,779,0.22,0.000,0.000,0
la01,SG-ACO,18,834,1.40,0.288,0.869,2
la01,AS-std,19,910,0.19,0.000,0.000,0
la01,MMAS,19,827,0.16,0.000,0.000,0
la01,Tabu,19,795,0.00,0.000,0.000,0
la01,SHAP-off,19,770,0.22,0.000,0.000,0
la01,SG-ACO,19,801,1.34,0.249,0.847,2
la01,AS-std,20,895,0.19,0.000,0.000,0
la01,MMAS,20,869,0.16,0.000,0.000,0
la01,Tabu,20,775,0.00,0.000,0.000,0
la01,SHAP-off,20,755,0.21,0.000,0.000,0
la01,SG-ACO,20,805,1.99,0.411,1.319,3
la01,AS-std,21,888,0.18,0.000,0.000,0
la01,MMAS,21,864,0.16,0.000,0.000,0
la01,Tabu,21,775,0.00,0.000,0.000,0
la01,SHAP-off,21,798,0.22,0.000,0.000,0
la01,SG-ACO,21,813,2.02,0.412,1.341,3
la01,AS-std,22,797,0.19,0.000,0.000,0
la01,MMAS,22,835,0.17,0.000,0.000,0
la01,Tabu,22,775,0.00,0.000,0.000,0
la01,SHAP-off,22,795,0.22,0.000,0.000,0
la01,SG-ACO,22,795,0.79,0.122,0.430,1
la01,AS-std,23,929,0.20,0.000,0.000,0
la01,MMAS,23,900,0.18,0.000,0.000,0
la01,Tabu,23,775,0.00,0.000,0.000,0
la01,SHAP-off,23,805,0.22,0.000,0.000,0
la01,SG-ACO,23,776,1.38,0.249,0.880,2
la01,AS-std,24,920,0.19,0.000,0.000,0
la01,MMAS,24,881,0.16,0.000,0.000,0
la01,Tabu,24,775,0.00,0.000,0.000,0
la01,SHAP-off,24,814,0.21,0.000,0.000,0
la01,SG-ACO,24,786,2.05,0.435,1.357,3
la01,AS-std,25,929,0.18,0.000,0.000,0
la01,MMAS,25,876,0.16,0.000,0.000,0
la01,Tabu,25,795,0.00,0.000,0.000,0
la01,SHAP-off,25,795,0.21,0.000,0.000,0
la01,SG-ACO,25,784,1.35,0.247,0.853,2
la02,SPT,0,1943,0,0,0,0
la02,MWKR,0,982,0,0,0,0
la02,MOR,0,904,0,0,0,0
la02,AS-std,1,871,0.18,0.000,0.000,0
la02,MMAS,1,863,0.16,0.000,0.000,0
la02,Tabu,1,910,0.00,0.000,0.000,0
la02,SHAP-off,1,810,0.21,0.000,0.000,0
la02,SG-ACO,1,810,0.76,0.121,0.419,1
la02,Mag-only,1,988,0.20,0.000,0.000,0
la02,AS-std,2,882,0.18,0.000,0.000,0
la02,MMAS,2,870,0.18,0.000,0.000,0
la02,Tabu,2,910,0.00,0.000,0.000,0
la02,SHAP-off,2,877,0.21,0.000,0.000,0
la02,SG-ACO,2,848,1.35,0.249,0.860,2
la02,Mag-only,2,946,0.21,0.000,0.000,0
la02,AS-std,3,875,0.19,0.000,0.000,0
la02,MMAS,3,832,0.16,0.000,0.000,0
la02,Tabu,3,910,0.00,0.000,0.000,0
la02,SHAP-off,3,782,0.21,0.000,0.000,0
la02,SG-ACO,3,782,0.79,0.123,0.429,1
la02,Mag-only,3,915,0.21,0.000,0.000,0
la02,AS-std,4,885,0.19,0.000,0.000,0
la02,MMAS,4,841,0.17,0.000,0.000,0
la02,Tabu,4,910,0.00,0.000,0.000,0
la02,SHAP-off,4,875,0.22,0.000,0.000,0
la02,SG-ACO,4,868,1.39,0.256,0.887,2
la02,Mag-only,4,921,0.21,0.000,0.000,0
la02,AS-std,5,929,0.19,0.000,0.000,0
la02,MMAS,5,827,0.17,0.000,0.000,0
la02,Tabu,5,910,0.00,0.000,0.000,0
la02,SHAP-off,5,829,0.22,0.000,0.000,0
la02,SG-ACO,5,856,1.53,0.298,0.974,2
la02,Mag-only,5,923,0.22,0.000,0.000,0
la02,AS-std,6,894,0.19,0.000,0.000,0
la02,MMAS,6,888,0.17,0.000,0.000,0
la02,Tabu,6,910,0.00,0.000,0.000,0
la02,SHAP-off,6,895,0.21,0.000,0.000,0
la02,SG-ACO,6,893,2.22,0.480,1.469,3
la02,Mag-only,6,945,0.20,0.000,0.000,0
la02,AS-std,7,862,0.19,0.000,0.000,0
la02,MMAS,7,824,0.17,0.000,0.000,0
la02,Tabu,7,863,0.00,0.000,0.000,0
la02,SHAP-off,7,871,0.21,0.000,0.000,0
la02,SG-ACO,7,871,0.76,0.120,0.418,1
la02,Mag-only,7,979,0.20,0.000,0.000,0
la02,AS-std,8,880,0.18,0.000,0.000,0
la02,MMAS,8,887,0.16,0.000,0.000,0
la02,Tabu,8,910,0.00,0.000,0.000,0
la02,SHAP-off,8,867,0.21,0.000,0.000,0
la02,SG-ACO,8,829,1.47,0.279,0.949,2
la02,Mag-only,8,915,0.20,0.000,0.000,0
la02,AS-std,9,832,0.18,0.000,0.000,0
la02,MMAS,9,835,0.16,0.000,0.000,0
la02,Tabu,9,910,0.00,0.000,0.000,0
la02,SHAP-off,9,852,0.21,0.000,0.000,0
la02,SG-ACO,9,834,3.94,0.867,2.755,6
la02,Mag-only,9,963,0.20,0.000,0.000,0
la02,AS-std,10,851,0.19,0.000,0.000,0
la02,MMAS,10,851,0.16,0.000,0.000,0
la02,Tabu,10,891,0.00,0.000,0.000,0
la02,SHAP-off,10,883,0.21,0.000,0.000,0
la02,SG-ACO,10,883,1.39,0.258,0.891,2
la02,Mag-only,10,943,0.20,0.000,0.000,0
la02,AS-std,11,891,0.18,0.000,0.000,0
la02,MMAS,11,864,0.16,0.000,0.000,0
la02,Tabu,11,910,0.00,0.000,0.000,0
la02,SHAP-off,11,848,0.21,0.000,0.000,0
la02,SG-ACO,11,848,1.36,0.247,0.872,2
la02,Mag-only,11,954,0.20,0.000,0.000,0
la02,AS-std,12,864,0.18,0.000,0.000,0
la02,MMAS,12,852,0.16,0.000,0.000,0
la02,Tabu,12,891,0.00,0.000,0.000,0
la02,SHAP-off,12,879,0.21,0.000,0.000,0
la02,SG-ACO,12,855,1.43,0.281,0.909,2
la02,Mag-only,12,901,0.20,0.000,0.000,0
la02,AS-std,13,866,0.19,0.000,0.000,0
la02,MMAS,13,841,0.16,0.000,0.000,0
la02,Tabu,13,910,0.00,0.000,0.000,0
la02,SHAP-off,13,842,0.21,0.000,0.000,0
la02,SG-ACO,13,868,1.39,0.256,0.884,2
la02,Mag-only,13,947,0.21,0.000,0.000,0
la02,AS-std,14,874,0.19,0.000,0.000,0
la02,MMAS,14,874,0.17,0.000,0.000,0
la02,Tabu,14,910,0.00,0.000,0.000,0
la02,SHAP-off,14,832,0.23,0.000,0.000,0
la02,SG-ACO,14,840,2.04,0.407,1.360,3
la02,Mag-only,14,976,0.21,0.000,0.000,0
la02,AS-std,15,900,0.19,0.000,0.000,0
la02,MMAS,15,837,0.17,0.000,0.000,0
la02,Tabu,15,910,0.00,0.000,0.000,0
la02,SHAP-off,15,833,0.21,0.000,0.000,0
la02,SG-ACO,15,860,2.81,0.605,1.872,4
la02,Mag-only,15,970,0.21,0.000,0.000,0
la02,AS-std,16,885,0.19,0.000,0.000,0
la02,MMAS,16,828,0.17,0.000,0.000,0
la02,Tabu,16,910,0.00,0.000,0.000,0
la02,SHAP-off,16,869,0.22,0.000,0.000,0
la02,SG-ACO,16,870,1.36,0.255,0.860,2
la02,Mag-only,16,942,0.21,0.000,0.000,0
la02,AS-std,17,827,0.19,0.000,0.000,0
la02,MMAS,17,909,0.17,0.000,0.000,0
la02,Tabu,17,910,0.00,0.000,0.000,0
la02,SHAP-off,17,799,0.22,0.000,0.000,0
la02,SG-ACO,17,799,0.81,0.125,0.448,1
la02,Mag-only,17,917,0.23,0.000,0.000,0
la02,AS-std,18,881,0.21,0.000,0.000,0
la02,MMAS,18,856,0.17,0.000,0.000,0
la02,Tabu,18,910,0.00,0.000,0.000,0
la02,SHAP-off,18,856,0.21,0.000,0.000,0
la02,SG-ACO,18,866,1.38,0.265,0.878,2
la02,Mag-only,18,953,0.20,0.000,0.000,0
la02,AS-std,19,884,0.18,0.000,0.000,0
la02,MMAS,19,804,0.16,0.000,0.000,0
la02,Tabu,19,910,0.00,0.000,0.000,0
la02,SHAP-off,19,880,0.22,0.000,0.000,0
la02,SG-ACO,19,861,1.39,0.251,0.884,2
la02,Mag-only,19,906,0.21,0.000,0.000,0
la02,AS-std,20,900,0.19,0.000,0.000,0
la02,MMAS,20,870,0.17,0.000,0.000,0
la02,Tabu,20,910,0.00,0.000,0.000,0
la02,SHAP-off,20,902,0.22,0.000,0.000,0
la02,SG-ACO,20,861,1.39,0.260,0.889,2
la02,Mag-only,20,996,0.21,0.000,0.000,0
la02,AS-std,21,845,0.19,0.000,0.000,0
la02,MMAS,21,848,0.16,0.000,0.000,0
la02,Tabu,21,910,0.00,0.000,0.000,0
la02,SHAP-off,21,886,0.21,0.000,0.000,0
la02,SG-ACO,21,862,1.45,0.283,0.925,2
la02,Mag-only,21,943,0.20,0.000,0.000,0
la02,AS-std,22,801,0.19,0.000,0.000,0
la02,MMAS,22,801,0.17,0.000,0.000,0
la02,Tabu,22,910,0.00,0.000,0.000,0
la02,SHAP-off,22,842,0.23,0.000,0.000,0
la02,SG-ACO,22,800,1.39,0.273,0.872,2
la02,Mag-only,22,906,0.20,0.000,0.000,0
la02,AS-std,23,857,0.18,0.000,0.000,0
la02,MMAS,23,836,0.16,0.000,0.000,0
la02,Tabu,23,910,0.00,0.000,0.000,0
la02,SHAP-off,23,831,0.21,0.000,0.000,0
la02,SG-ACO,23,831,0.81,0.129,0.449,1
la02,Mag-only,23,903,0.22,0.000,0.000,0
la02,AS-std,24,831,0.19,0.000,0.000,0
la02,MMAS,24,831,0.17,0.000,0.000,0
la02,Tabu,24,910,0.00,0.000,0.000,0
la02,SHAP-off,24,861,0.22,0.000,0.000,0
la02,SG-ACO,24,861,0.78,0.125,0.429,1
la02,Mag-only,24,976,0.21,0.000,0.000,0
la02,AS-std,25,893,0.18,0.000,0.000,0
la02,MMAS,25,850,0.16,0.000,0.000,0
la02,Tabu,25,910,0.00,0.000,0.000,0
la02,SHAP-off,25,856,0.21,0.000,0.000,0
la02,SG-ACO,25,831,1.43,0.277,0.913,2
la02,Mag-only,25,934,0.20,0.000,0.000,0
la03,SPT,0,1066,0,0,0,0
la03,MWKR,0,797,0,0,0,0
la03,MOR,0,775,0,0,0,0
la03,AS-std,1,788,0.18,0.000,0.000,0
la03,MMAS,1,743,0.16,0.000,0.000,0
la03,Tabu,1,731,0.00,0.000,0.000,0
la03,SHAP-off,1,717,0.24,0.000,0.000,0
la03,SG-ACO,1,717,0.81,0.126,0.428,1
la03,AS-std,2,739,0.20,0.000,0.000,0
la03,MMAS,2,755,0.18,0.000,0.000,0
la03,Tabu,2,768,0.00,0.000,0.000,0
la03,SHAP-off,2,783,0.22,0.000,0.000,0
la03,SG-ACO,2,756,1.41,0.261,0.906,2
la03,AS-std,3,780,0.18,0.000,0.000,0
la03,MMAS,3,769,0.18,0.000,0.000,0
la03,Tabu,3,731,0.00,0.000,0.000,0
la03,SHAP-off,3,769,0.21,0.000,0.000,0
la03,SG-ACO,3,777,5.25,1.375,3.506,7
la03,AS-std,4,827,0.19,0.000,0.000,0
la03,MMAS,4,805,0.17,0.000,0.000,0
la03,Tabu,4,731,0.00,0.000,0.000,0
la03,SHAP-off,4,738,0.22,0.000,0.000,0
la03,SG-ACO,4,775,1.99,0.395,1.317,3
la03,AS-std,5,813,0.18,0.000,0.000,0
la03,MMAS,5,781,0.17,0.000,0.000,0
la03,Tabu,5,768,0.00,0.000,0.000,0
la03,SHAP-off,5,748,0.23,0.000,0.000,0
la03,SG-ACO,5,748,0.79,0.128,0.430,1
la03,AS-std,6,831,0.19,0.000,0.000,0
la03,MMAS,6,771,0.16,0.000,0.000,0
la03,Tabu,6,768,0.00,0.000,0.000,0
la03,SHAP-off,6,767,0.21,0.000,0.000,0
la03,SG-ACO,6,758,4.15,1.006,2.816,6
la03,AS-std,7,810,0.19,0.000,0.000,0
la03,MMAS,7,745,0.17,0.000,0.000,0
la03,Tabu,7,731,0.00,0.000,0.000,0
la03,SHAP-off,7,759,0.22,0.000,0.000,0
la03,SG-ACO,7,757,1.39,0.263,0.879,2
la03,AS-std,8,750,0.19,0.000,0.000,0
la03,MMAS,8,782,0.16,0.000,0.000,0
la03,Tabu,8,731,0.00,0.000,0.000,0
la03,SHAP-off,8,727,0.21,0.000,0.000,0
la03,SG-ACO,8,727,0.79,0.124,0.440,1
la03,AS-std,9,792,0.19,0.000,0.000,0
la03,MMAS,9,710,0.16,0.000,0.000,0
la03,Tabu,9,768,0.00,0.000,0.000,0
la03,SHAP-off,9,725,0.22,0.000,0.000,0
la03,SG-ACO,9,725,0.77,0.122,0.423,1
la03,AS-std,10,794,0.19,0.000,0.000,0
la03,MMAS,10,770,0.16,0.000,0.000,0
la03,Tabu,10,768,0.00,0.000,0.000,0
la03,SHAP-off,10,756,0.22,0.000,0.000,0
la03,SG-ACO,10,737,1.37,0.251,0.871,2
la03,AS-std,11,823,0.18,0.000,0.000,0
la03,MMAS,11,820,0.16,0.000,0.000,0
la03,Tabu,11,731,0.00,0.000,0.000,0
la03,SHAP-off,11,766,0.22,0.000,0.000,0
la03,SG-ACO,11,772,0.78,0.122,0.423,1
la03,AS-std,12,838,0.18,0.000,0.000,0
la03,MMAS,12,780,0.16,0.000,0.000,0
la03,Tabu,12,731,0.00,0.000,0.000,0
la03,SHAP-off,12,744,0.23,0.000,0.000,0
la03,SG-ACO,12,785,3.99,0.976,2.679,5
la03,AS-std,13,796,0.21,0.000,0.000,0
la03,MMAS,13,826,0.18,0.000,0.000,0
la03,Tabu,13,768,0.00,0.000,0.000,0
la03,SHAP-off,13,749,0.22,0.000,0.000,0
la03,SG-ACO,13,749,1.39,0.263,0.884,2
la03,AS-std,14,801,0.18,0.000,0.000,0
la03,MMAS,14,752,0.16,0.000,0.000,0
la03,Tabu,14,768,0.00,0.000,0.000,0
la03,SHAP-off,14,783,0.22,0.000,0.000,0
la03,SG-ACO,14,777,1.44,0.272,0.927,2
la03,AS-std,15,809,0.19,0.000,0.000,0
la03,MMAS,15,761,0.17,0.000,0.000,0
la03,Tabu,15,731,0.00,0.000,0.000,0
la03,SHAP-off,15,706,0.22,0.000,0.000,0
la03,SG-ACO,15,755,1.97,0.385,1.325,3
la03,AS-std,16,777,0.19,0.000,0.000,0
la03,MMAS,16,754,0.17,0.000,0.000,0
la03,Tabu,16,725,0.00,0.000,0.000,0
la03,SHAP-off,16,774,0.22,0.000,0.000,0
la03,SG-ACO,16,745,1.43,0.258,0.918,2
la03,AS-std,17,811,0.21,0.000,0.000,0
la03,MMAS,17,809,0.20,0.000,0.000,0
la03,Tabu,17,768,0.00,0.000,0.000,0
la03,SHAP-off,17,770,0.22,0.000,0.000,0
la03,SG-ACO,17,770,1.47,0.280,0.931,2
la03,AS-std,18,784,0.19,0.000,0.000,0
la03,MMAS,18,766,0.17,0.000,0.000,0
la03,Tabu,18,731,0.00,0.000,0.000,0
la03,SHAP-off,18,761,0.22,0.000,0.000,0
la03,SG-ACO,18,761,0.79,0.127,0.432,1
la03,AS-std,19,833,0.18,0.000,0.000,0
la03,MMAS,19,765,0.16,0.000,0.000,0
la03,Tabu,19,768,0.00,0.000,0.000,0
la03,SHAP-off,19,751,0.22,0.000,0.000,0
la03,SG-ACO,19,745,1.98,0.387,1.324,3
la03,AS-std,20,760,0.19,0.000,0.000,0
la03,MMAS,20,743,0.17,0.000,0.000,0
la03,Tabu,20,768,0.00,0.000,0.000,0
la03,SHAP-off,20,758,0.22,0.000,0.000,0
la03,SG-ACO,20,789,1.41,0.263,0.891,2
la03,AS-std,21,761,0.18,0.000,0.000,0
la03,MMAS,21,798,0.16,0.000,0.000,0
la03,Tabu,21,741,0.00,0.000,0.000,0
la03,SHAP-off,21,756,0.22,0.000,0.000,0
la03,SG-ACO,21,763,1.45,0.278,0.921,2
la03,AS-std,22,812,0.19,0.000,0.000,0
la03,MMAS,22,817,0.17,0.000,0.000,0
la03,Tabu,22,768,0.00,0.000,0.000,0
la03,SHAP-off,22,765,0.23,0.000,0.000,0
la03,SG-ACO,22,712,1.42,0.259,0.911,2
la03,AS-std,23,777,0.18,0.000,0.000,0
la03,MMAS,23,768,0.16,0.000,0.000,0
la03,Tabu,23,768,0.00,0.000,0.000,0
la03,SHAP-off,23,756,0.22,0.000,0.000,0
la03,SG-ACO,23,780,0.78,0.127,0.425,1
la03,AS-std,24,826,0.18,0.000,0.000,0
la03,MMAS,24,793,0.16,0.000,0.000,0
la03,Tabu,24,768,0.00,0.000,0.000,0
la03,SHAP-off,24,739,0.21,0.000,0.000,0
la03,SG-ACO,24,739,0.77,0.125,0.417,1
la03,AS-std,25,817,0.18,0.000,0.000,0
la03,MMAS,25,773,0.16,0.000,0.000,0
la03,Tabu,25,768,0.00,0.000,0.000,0
la03,SHAP-off,25,726,0.22,0.000,0.000,0
la03,SG-ACO,25,735,2.12,0.442,1.407,3
la04,SPT,0,1525,0,0,0,0
la04,MWKR,0,1000,0,0,0,0
la04,MOR,0,854,0,0,0,0
la04,AS-std,1,901,0.19,0.000,0.000,0
la04,MMAS,1,835,0.16,0.000,0.000,0
la04,Tabu,1,799,0.00,0.000,0.000,0
la04,SHAP-off,1,789,0.21,0.000,0.000,0
la04,SG-ACO,1,795,2.05,0.409,1.365,3
la04,AS-std,2,873,0.20,0.000,0.000,0
la04,MMAS,2,820,0.17,0.000,0.000,0
la04,Tabu,2,799,0.00,0.000,0.000,0
la04,SHAP-off,2,765,0.23,0.000,0.000,0
la04,SG-ACO,2,767,3.55,0.839,2.393,5
la04,AS-std,3,901,0.19,0.000,0.000,0
la04,MMAS,3,883,0.17,0.000,0.000,0
la04,Tabu,3,793,0.00,0.000,0.000,0
la04,SHAP-off,3,744,0.22,0.000,0.000,0
la04,SG-ACO,3,744,0.79,0.126,0.431,1
la04,AS-std,4,863,0.19,0.000,0.000,0
la04,MMAS,4,829,0.16,0.000,0.000,0
la04,Tabu,4,799,0.00,0.000,0.000,0
la04,SHAP-off,4,771,0.22,0.000,0.000,0
la04,SG-ACO,4,822,3.63,0.806,2.504,5
la04,AS-std,5,860,0.18,0.000,0.000,0
la04,MMAS,5,860,0.17,0.000,0.000,0
la04,Tabu,5,799,0.00,0.000,0.000,0
la04,SHAP-off,5,731,0.21,0.000,0.000,0
la04,SG-ACO,5,777,2.05,0.413,1.359,3
la04,AS-std,6,838,0.19,0.000,0.000,0
la04,MMAS,6,792,0.16,0.000,0.000,0
la04,Tabu,6,793,0.00,0.000,0.000,0
la04,SHAP-off,6,797,0.23,0.000,0.000,0
la04,SG-ACO,6,796,3.30,0.712,2.286,5
la04,AS-std,7,884,0.18,0.000,0.000,0
la04,MMAS,7,827,0.17,0.000,0.000,0
la04,Tabu,7,788,0.00,0.000,0.000,0
la04,SHAP-off,7,754,0.22,0.000,0.000,0
la04,SG-ACO,7,788,1.42,0.268,0.903,2
la04,AS-std,8,854,0.18,0.000,0.000,0
la04,MMAS,8,880,0.16,0.000,0.000,0
la04,Tabu,8,793,0.00,0.000,0.000,0
la04,SHAP-off,8,772,0.21,0.000,0.000,0
la04,SG-ACO,8,747,1.99,0.407,1.328,3
la04,AS-std,9,926,0.18,0.000,0.000,0
la04,MMAS,9,862,0.16,0.000,0.000,0
la04,Tabu,9,780,0.00,0.000,0.000,0
la04,SHAP-off,9,804,0.21,0.000,0.000,0
la04,SG-ACO,9,793,1.45,0.287,0.915,2
la04,AS-std,10,899,0.18,0.000,0.000,0
la04,MMAS,10,852,0.16,0.000,0.000,0
la04,Tabu,10,793,0.00,0.000,0.000,0
la04,SHAP-off,10,719,0.22,0.000,0.000,0
la04,SG-ACO,10,719,0.78,0.125,0.426,1
la04,AS-std,11,867,0.19,0.000,0.000,0
la04,MMAS,11,860,0.16,0.000,0.000,0
la04,Tabu,11,788,0.00,0.000,0.000,0
la04,SHAP-off,11,770,0.21,0.000,0.000,0
la04,SG-ACO,11,755,1.40,0.267,0.883,2
la04,AS-std,12,858,0.18,0.000,0.000,0
la04,MMAS,12,735,0.16,0.000,0.000,0
la04,Tabu,12,793,0.00,0.000,0.000,0
la04,SHAP-off,12,758,0.21,0.000,0.000,0
la04,SG-ACO,12,751,1.37,0.252,0.868,2
la04,AS-std,13,882,0.19,0.000,0.000,0
la04,MMAS,13,866,0.17,0.000,0.000,0
la04,Tabu,13,799,0.00,0.000,0.000,0
la04,SHAP-off,13,775,0.23,0.000,0.000,0
la04,SG-ACO,13,775,1.37,0.256,0.864,2
la04,AS-std,14,874,0.19,0.000,0.000,0
la04,MMAS,14,784,0.17,0.000,0.000,0
la04,Tabu,14,799,0.01,0.000,0.000,0
la04,SHAP-off,14,804,0.23,0.000,0.000,0
la04,SG-ACO,14,773,2.08,0.433,1.376,3
la04,AS-std,15,780,0.18,0.000,0.000,0
la04,MMAS,15,817,0.16,0.000,0.000,0
la04,Tabu,15,793,0.00,0.000,0.000,0
la04,SHAP-off,15,723,0.21,0.000,0.000,0
la04,SG-ACO,15,732,2.07,0.427,1.378,3
la04,AS-std,16,893,0.18,0.000,0.000,0
la04,MMAS,16,801,0.16,0.000,0.000,0
la04,Tabu,16,851,0.00,0.000,0.000,0
la04,SHAP-off,16,746,0.23,0.000,0.000,0
la04,SG-ACO,16,773,3.26,0.700,2.265,5
la04,AS-std,17,831,0.19,0.000,0.000,0
la04,MMAS,17,819,0.17,0.000,0.000,0
la04,Tabu,17,793,0.00,0.000,0.000,0
la04,SHAP-off,17,800,0.21,0.000,0.000,0
la04,SG-ACO,17,755,5.22,1.260,3.594,7
la04,AS-std,18,890,0.19,0.000,0.000,0
la04,MMAS,18,820,0.16,0.000,0.000,0
la04,Tabu,18,793,0.00,0.000,0.000,0
la04,SHAP-off,18,723,0.21,0.000,0.000,0
la04,SG-ACO,18,723,0.79,0.126,0.434,1
la04,AS-std,19,878,0.18,0.000,0.000,0
la04,MMAS,19,794,0.16,0.000,0.000,0
la04,Tabu,19,851,0.00,0.000,0.000,0
la04,SHAP-off,19,732,0.22,0.000,0.000,0
la04,SG-ACO,19,757,0.81,0.128,0.442,1
la04,AS-std,20,880,0.19,0.000,0.000,0
la04,MMAS,20,842,0.17,0.000,0.000,0
la04,Tabu,20,799,0.00,0.000,0.000,0
la04,SHAP-off,20,815,0.22,0.000,0.000,0
la04,SG-ACO,20,811,2.78,0.590,1.896,4
la04,AS-std,21,883,0.19,0.000,0.000,0
la04,MMAS,21,779,0.17,0.000,0.000,0
la04,Tabu,21,799,0.00,0.000,0.000,0
la04,SHAP-off,21,785,0.22,0.000,0.000,0
la04,SG-ACO,21,803,1.55,0.314,0.973,2
la04,AS-std,22,837,0.20,0.000,0.000,0
la04,MMAS,22,824,0.16,0.000,0.000,0
la04,Tabu,22,799,0.00,0.000,0.000,0
la04,SHAP-off,22,708,0.21,0.000,0.000,0
la04,SG-ACO,22,708,0.78,0.124,0.427,1
la04,AS-std,23,858,0.19,0.000,0.000,0
la04,MMAS,23,851,0.17,0.000,0.000,0
la04,Tabu,23,799,0.00,0.000,0.000,0
la04,SHAP-off,23,784,0.21,0.000,0.000,0
la04,SG-ACO,23,771,1.36,0.253,0.863,2
la04,AS-std,24,910,0.18,0.000,0.000,0
la04,MMAS,24,806,0.16,0.000,0.000,0
la04,Tabu,24,788,0.00,0.000,0.000,0
la04,SHAP-off,24,764,0.21,0.000,0.000,0
la04,SG-ACO,24,764,1.99,0.394,1.336,3
la04,AS-std,25,891,0.19,0.000,0.000,0
la04,MMAS,25,857,0.16,0.000,0.000,0
la04,Tabu,25,793,0.00,0.000,0.000,0
la04,SHAP-off,25,805,0.21,0.000,0.000,0
la04,SG-ACO,25,754,2.04,0.425,1.352,3
la05,SPT,0,1434,0,0,0,0
la05,MWKR,0,666,0,0,0,0
la05,MOR,0,629,0,0,0,0
la05,AS-std,1,760,0.18,0.000,0.000,0
la05,MMAS,1,748,0.16,0.000,0.000,0
la05,Tabu,1,665,0.00,0.000,0.000,0
la05,SHAP-off,1,659,0.21,0.000,0.000,0
la05,SG-ACO,1,652,2.04,0.417,1.357,3
la05,AS-std,2,757,0.20,0.000,0.000,0
la05,MMAS,2,701,0.17,0.000,0.000,0
la05,Tabu,2,665,0.00,0.000,0.000,0
la05,SHAP-off,2,693,0.22,0.000,0.000,0
la05,SG-ACO,2,661,1.44,0.275,0.915,2
la05,AS-std,3,756,0.18,0.000,0.000,0
la05,MMAS,3,750,0.18,0.000,0.000,0
la05,Tabu,3,665,0.00,0.000,0.000,0
la05,SHAP-off,3,681,0.22,0.000,0.000,0
la05,SG-ACO,3,671,1.46,0.291,0.914,2
la05,AS-std,4,754,0.19,0.000,0.000,0
la05,MMAS,4,704,0.16,0.000,0.000,0
la05,Tabu,4,665,0.00,0.000,0.000,0
la05,SHAP-off,4,659,0.21,0.000,0.000,0
la05,SG-ACO,4,659,0.80,0.124,0.433,1
la05,AS-std,5,775,0.19,0.000,0.000,0
la05,MMAS,5,667,0.17,0.000,0.000,0
la05,Tabu,5,665,0.00,0.000,0.000,0
la05,SHAP-off,5,636,0.22,0.000,0.000,0
la05,SG-ACO,5,629,1.40,0.260,0.878,2
la05,AS-std,6,728,0.18,0.000,0.000,0
la05,MMAS,6,692,0.17,0.000,0.000,0
la05,Tabu,6,665,0.00,0.000,0.000,0
la05,SHAP-off,6,678,0.22,0.000,0.000,0
la05,SG-ACO,6,672,2.04,0.413,1.355,3
la05,AS-std,7,740,0.19,0.000,0.000,0
la05,MMAS,7,738,0.16,0.000,0.000,0
la05,Tabu,7,665,0.00,0.000,0.000,0
la05,SHAP-off,7,648,0.21,0.000,0.000,0
la05,SG-ACO,7,648,0.78,0.126,0.424,1
la05,AS-std,8,749,0.19,0.000,0.000,0
la05,MMAS,8,772,0.16,0.000,0.000,0
la05,Tabu,8,665,0.00,0.000,0.000,0
la05,SHAP-off,8,687,0.22,0.000,0.000,0
la05,SG-ACO,8,687,0.77,0.124,0.428,1
la05,AS-std,9,760,0.18,0.000,0.000,0
la05,MMAS,9,748,0.17,0.000,0.000,0
la05,Tabu,9,665,0.00,0.000,0.000,0
la05,SHAP-off,9,678,0.22,0.000,0.000,0
la05,SG-ACO,9,686,1.41,0.273,0.883,2
la05,AS-std,10,799,0.18,0.000,0.000,0
la05,MMAS,10,721,0.16,0.000,0.000,0
la05,Tabu,10,665,0.00,0.000,0.000,0
la05,SHAP-off,10,673,0.21,0.000,0.000,0
la05,SG-ACO,10,647,1.34,0.255,0.841,2
la05,AS-std,11,707,0.18,0.000,0.000,0
la05,MMAS,11,732,0.16,0.000,0.000,0
la05,Tabu,11,665,0.00,0.000,0.000,0
la05,SHAP-off,11,678,0.21,0.000,0.000,0
la05,SG-ACO,11,647,1.95,0.396,1.297,3
la05,AS-std,12,705,0.19,0.000,0.000,0
la05,MMAS,12,702,0.16,0.000,0.000,0
la05,Tabu,12,665,0.00,0.000,0.000,0
la05,SHAP-off,12,670,0.22,0.000,0.000,0
la05,SG-ACO,12,660,3.52,0.850,2.363,5
la05,AS-std,13,714,0.18,0.000,0.000,0
la05,MMAS,13,715,0.16,0.000,0.000,0
la05,Tabu,13,665,0.00,0.000,0.000,0
la05,SHAP-off,13,686,0.21,0.000,0.000,0
la05,SG-ACO,13,688,3.16,0.663,2.200,5
la05,AS-std,14,646,0.19,0.000,0.000,0
la05,MMAS,14,646,0.16,0.000,0.000,0
la05,Tabu,14,665,0.00,0.000,0.000,0
la05,SHAP-off,14,664,0.22,0.000,0.000,0
la05,SG-ACO,14,664,1.39,0.265,0.875,2
la05,AS-std,15,729,0.18,0.000,0.000,0
la05,MMAS,15,718,0.17,0.000,0.000,0
la05,Tabu,15,665,0.00,0.000,0.000,0
la05,SHAP-off,15,644,0.21,0.000,0.000,0
la05,SG-ACO,15,644,0.78,0.125,0.420,1
la05,AS-std,16,741,0.19,0.000,0.000,0
la05,MMAS,16,733,0.16,0.000,0.000,0
la05,Tabu,16,665,0.00,0.000,0.000,0
la05,SHAP-off,16,655,0.22,0.000,0.000,0
la05,SG-ACO,16,693,1.79,0.364,1.074,2
la05,AS-std,17,758,0.32,0.000,0.000,0
la05,MMAS,17,743,0.17,0.000,0.000,0
la05,Tabu,17,665,0.00,0.000,0.000,0
la05,SHAP-off,17,665,0.22,0.000,0.000,0
la05,SG-ACO,17,654,1.39,0.261,0.876,2
la05,AS-std,18,744,0.18,0.000,0.000,0
la05,MMAS,18,756,0.17,0.000,0.000,0
la05,Tabu,18,665,0.00,0.000,0.000,0
la05,SHAP-off,18,658,0.22,0.000,0.000,0
la05,SG-ACO,18,680,1.40,0.263,0.889,2
la05,AS-std,19,709,0.19,0.000,0.000,0
la05,MMAS,19,747,0.17,0.000,0.000,0
la05,Tabu,19,665,0.00,0.000,0.000,0
la05,SHAP-off,19,656,0.21,0.000,0.000,0
la05,SG-ACO,19,641,1.39,0.256,0.883,2
la05,AS-std,20,777,0.20,0.000,0.000,0
la05,MMAS,20,693,0.17,0.000,0.000,0
la05,Tabu,20,665,0.00,0.000,0.000,0
la05,SHAP-off,20,674,0.21,0.000,0.000,0
la05,SG-ACO,20,667,3.50,0.856,2.332,5
la05,AS-std,21,716,0.19,0.000,0.000,0
la05,MMAS,21,683,0.16,0.000,0.000,0
la05,Tabu,21,665,0.00,0.000,0.000,0
la05,SHAP-off,21,611,0.21,0.000,0.000,0
la05,SG-ACO,21,673,1.38,0.265,0.868,2
la05,AS-std,22,771,0.18,0.000,0.000,0
la05,MMAS,22,739,0.17,0.000,0.000,0
la05,Tabu,22,665,0.00,0.000,0.000,0
la05,SHAP-off,22,665,0.21,0.000,0.000,0
la05,SG-ACO,22,665,0.77,0.124,0.418,1
la05,AS-std,23,741,0.20,0.000,0.000,0
la05,MMAS,23,724,0.17,0.000,0.000,0
la05,Tabu,23,665,0.00,0.000,0.000,0
la05,SHAP-off,23,675,0.22,0.000,0.000,0
la05,SG-ACO,23,691,1.39,0.266,0.880,2
la05,AS-std,24,789,0.19,0.000,0.000,0
la05,MMAS,24,690,0.19,0.000,0.000,0
la05,Tabu,24,665,0.00,0.000,0.000,0
la05,SHAP-off,24,661,0.22,0.000,0.000,0
la05,SG-ACO,24,659,2.14,0.432,1.424,3
la05,AS-std,25,757,0.21,0.000,0.000,0
la05,MMAS,25,711,0.19,0.000,0.000,0
la05,Tabu,25,665,0.00,0.000,0.000,0
la05,SHAP-off,25,690,0.24,0.000,0.000,0
la05,SG-ACO,25,690,0.89,0.152,0.484,1
ft10,SPT,0,2648,0,0,0,0
ft10,MWKR,0,1289,0,0,0,0
ft10,MOR,0,1319,0,0,0,0
ft10,AS-std,1,1492,0.32,0.000,0.000,0
ft10,MMAS,1,1560,0.30,0.000,0.000,0
ft10,Tabu,1,1228,0.00,0.000,0.000,0
ft10,SHAP-off,1,1422,0.37,0.000,0.000,0
ft10,SG-ACO,1,1454,2.68,0.603,1.598,2
ft10,AS-std,2,1510,0.36,0.000,0.000,0
ft10,MMAS,2,1486,0.33,0.000,0.000,0
ft10,Tabu,2,1228,0.00,0.000,0.000,0
ft10,SHAP-off,2,1434,0.40,0.000,0.000,0
ft10,SG-ACO,2,1457,2.47,0.530,1.483,2
ft10,AS-std,3,1554,0.36,0.000,0.000,0
ft10,MMAS,3,1447,0.33,0.000,0.000,0
ft10,Tabu,3,1221,0.00,0.000,0.000,0
ft10,SHAP-off,3,1447,0.40,0.000,0.000,0
ft10,SG-ACO,3,1509,2.57,0.568,1.541,2
ft10,AS-std,4,1493,0.36,0.000,0.000,0
ft10,MMAS,4,1496,0.33,0.000,0.000,0
ft10,Tabu,4,1228,0.00,0.000,0.000,0
ft10,SHAP-off,4,1472,0.43,0.000,0.000,0
ft10,SG-ACO,4,1488,2.48,0.527,1.496,2
ft10,AS-std,5,1461,0.35,0.000,0.000,0
ft10,MMAS,5,1346,0.34,0.000,0.000,0
ft10,Tabu,5,1228,0.00,0.000,0.000,0
ft10,SHAP-off,5,1404,0.42,0.000,0.000,0
ft10,SG-ACO,5,1404,1.38,0.248,0.741,1
ft10,AS-std,6,1478,0.33,0.000,0.000,0
ft10,MMAS,6,1423,0.34,0.000,0.000,0
ft10,Tabu,6,1228,0.00,0.000,0.000,0
ft10,SHAP-off,6,1504,0.41,0.000,0.000,0
ft10,SG-ACO,6,1504,2.70,0.604,1.614,2
ft10,AS-std,7,1465,0.41,0.000,0.000,0
ft10,MMAS,7,1438,0.34,0.000,0.000,0
ft10,Tabu,7,1228,0.00,0.000,0.000,0
ft10,SHAP-off,7,1387,0.44,0.000,0.000,0
ft10,SG-ACO,7,1509,1.42,0.265,0.726,1
ft10,AS-std,8,1380,0.35,0.000,0.000,0
ft10,MMAS,8,1478,0.33,0.000,0.000,0
ft10,Tabu,8,1228,0.00,0.000,0.000,0
ft10,SHAP-off,8,1478,0.40,0.000,0.000,0
ft10,SG-ACO,8,1400,2.38,0.524,1.416,2
ft10,AS-std,9,1445,0.33,0.000,0.000,0
ft10,MMAS,9,1432,0.31,0.000,0.000,0
ft10,Tabu,9,1228,0.00,0.000,0.000,0
ft10,SHAP-off,9,1443,0.36,0.000,0.000,0
ft10,SG-ACO,9,1443,1.32,0.247,0.685,1
ft10,AS-std,10,1536,0.33,0.000,0.000,0
ft10,MMAS,10,1399,0.31,0.000,0.000,0
ft10,Tabu,10,1228,0.00,0.000,0.000,0
ft10,SHAP-off,10,1470,0.37,0.000,0.000,0
ft10,SG-ACO,10,1473,2.40,0.534,1.452,2
ft10,AS-std,11,1361,0.32,0.000,0.000,0
ft10,MMAS,11,1361,0.30,0.000,0.000,0
ft10,Tabu,11,1228,0.00,0.000,0.000,0
ft10,SHAP-off,11,1481,0.36,0.000,0.000,0
ft10,SG-ACO,11,1478,2.55,0.582,1.539,2
ft10,AS-std,12,1533,0.33,0.000,0.000,0
ft10,MMAS,12,1481,0.31,0.000,0.000,0
ft10,Tabu,12,1228,0.00,0.000,0.000,0
ft10,SHAP-off,12,1503,0.37,0.000,0.000,0
ft10,SG-ACO,12,1506,2.40,0.524,1.446,2
ft10,AS-std,13,1510,0.32,0.000,0.000,0
ft10,MMAS,13,1437,0.30,0.000,0.000,0
ft10,Tabu,13,1228,0.00,0.000,0.000,0
ft10,SHAP-off,13,1446,0.37,0.000,0.000,0
ft10,SG-ACO,13,1446,2.30,0.497,1.377,2
ft10,AS-std,14,1527,0.32,0.000,0.000,0
ft10,MMAS,14,1545,0.30,0.000,0.000,0
ft10,Tabu,14,1228,0.00,0.000,0.000,0
ft10,SHAP-off,14,1455,0.37,0.000,0.000,0
ft10,SG-ACO,14,1465,1.30,0.235,0.674,1
ft10,AS-std,15,1508,0.32,0.000,0.000,0
ft10,MMAS,15,1494,0.29,0.000,0.000,0
ft10,Tabu,15,1197,0.00,0.000,0.000,0
ft10,SHAP-off,15,1437,0.36,0.000,0.000,0
ft10,SG-ACO,15,1437,1.30,0.238,0.676,1
ft10,AS-std,16,1458,0.32,0.000,0.000,0
ft10,MMAS,16,1408,0.30,0.000,0.000,0
ft10,Tabu,16,1228,0.00,0.000,0.000,0
ft10,SHAP-off,16,1482,0.37,0.000,0.000,0
ft10,SG-ACO,16,1482,2.45,0.543,1.483,2
ft10,AS-std,17,1362,0.33,0.000,0.000,0
ft10,MMAS,17,1473,0.31,0.000,0.000,0
ft10,Tabu,17,1228,0.00,0.000,0.000,0
ft10,SHAP-off,17,1456,0.36,0.000,0.000,0
ft10,SG-ACO,17,1456,1.33,0.246,0.692,1
ft10,AS-std,18,1427,0.32,0.000,0.000,0
ft10,MMAS,18,1513,0.30,0.000,0.000,0
ft10,Tabu,18,1228,0.00,0.000,0.000,0
ft10,SHAP-off,18,1514,0.37,0.000,0.000,0
ft10,SG-ACO,18,1514,1.39,0.251,0.742,1
ft10,AS-std,19,1493,0.32,0.000,0.000,0
ft10,MMAS,19,1511,0.31,0.000,0.000,0
ft10,Tabu,19,1197,0.00,0.000,0.000,0
ft10,SHAP-off,19,1468,0.37,0.000,0.000,0
ft10,SG-ACO,19,1516,2.30,0.493,1.386,2
ft10,AS-std,20,1448,0.32,0.000,0.000,0
ft10,MMAS,20,1518,0.30,0.000,0.000,0
ft10,Tabu,20,1228,0.00,0.000,0.000,0
ft10,SHAP-off,20,1504,0.37,0.000,0.000,0
ft10,SG-ACO,20,1504,2.49,0.549,1.513,2
ft10,AS-std,21,1449,0.32,0.000,0.000,0
ft10,MMAS,21,1449,0.30,0.000,0.000,0
ft10,Tabu,21,1197,0.00,0.000,0.000,0
ft10,SHAP-off,21,1407,0.36,0.000,0.000,0
ft10,SG-ACO,21,1407,1.31,0.237,0.681,1
ft10,AS-std,22,1492,0.32,0.000,0.000,0
ft10,MMAS,22,1405,0.30,0.000,0.000,0
ft10,Tabu,22,1197,0.00,0.000,0.000,0
ft10,SHAP-off,22,1445,0.38,0.000,0.000,0
ft10,SG-ACO,22,1458,1.35,0.258,0.697,1
ft10,AS-std,23,1443,0.34,0.000,0.000,0
ft10,MMAS,23,1460,0.31,0.000,0.000,0
ft10,Tabu,23,1228,0.00,0.000,0.000,0
ft10,SHAP-off,23,1466,0.36,0.000,0.000,0
ft10,SG-ACO,23,1541,2.61,0.583,1.576,2
ft10,AS-std,24,1528,0.34,0.000,0.000,0
ft10,MMAS,24,1442,0.32,0.000,0.000,0
ft10,Tabu,24,1228,0.00,0.000,0.000,0
ft10,SHAP-off,24,1468,0.37,0.000,0.000,0
ft10,SG-ACO,24,1496,2.51,0.562,1.520,2
ft10,AS-std,25,1427,0.32,0.000,0.000,0
ft10,MMAS,25,1452,0.30,0.000,0.000,0
ft10,Tabu,25,1228,0.00,0.000,0.000,0
ft10,SHAP-off,25,1437,0.38,0.000,0.000,0
ft10,SG-ACO,25,1437,1.38,0.245,0.705,1
abz5,SPT,0,4668,0,0,0,0
abz5,MWKR,0,1451,0,0,0,0
abz5,MOR,0,1555,0,0,0,0
abz5,AS-std,1,1732,0.35,0.000,0.000,0
abz5,MMAS,1,1699,0.34,0.000,0.000,0
abz5,Tabu,1,1451,0.00,0.000,0.000,0
abz5,SHAP-off,1,2076,0.37,0.000,0.000,0
abz5,SG-ACO,1,1975,2.35,0.511,1.425,2
abz5,AS-std,2,1752,0.34,0.000,0.000,0
abz5,MMAS,2,1752,0.31,0.000,0.000,0
abz5,Tabu,2,1451,0.00,0.000,0.000,0
abz5,SHAP-off,2,1932,0.35,0.000,0.000,0
abz5,SG-ACO,2,2031,2.28,0.518,1.348,2
abz5,AS-std,3,1747,0.33,0.000,0.000,0
abz5,MMAS,3,1673,0.31,0.000,0.000,0
abz5,Tabu,3,1451,0.00,0.000,0.000,0
abz5,SHAP-off,3,1920,0.36,0.000,0.000,0
abz5,SG-ACO,3,1880,2.29,0.491,1.370,2
abz5,AS-std,4,1771,0.32,0.000,0.000,0
abz5,MMAS,4,1748,0.31,0.000,0.000,0
abz5,Tabu,4,1451,0.00,0.000,0.000,0
abz5,SHAP-off,4,1922,0.36,0.000,0.000,0
abz5,SG-ACO,4,1922,1.30,0.236,0.677,1
abz5,AS-std,5,1656,0.33,0.000,0.000,0
abz5,MMAS,5,1750,0.33,0.000,0.000,0
abz5,Tabu,5,1451,0.00,0.000,0.000,0
abz5,SHAP-off,5,2067,0.37,0.000,0.000,0
abz5,SG-ACO,5,1955,2.27,0.494,1.359,2
abz5,AS-std,6,1779,0.32,0.000,0.000,0
abz5,MMAS,6,1704,0.31,0.000,0.000,0
abz5,Tabu,6,1451,0.00,0.000,0.000,0
abz5,SHAP-off,6,2114,0.35,0.000,0.000,0
abz5,SG-ACO,6,1931,3.77,0.935,2.373,3
abz5,AS-std,7,1678,0.34,0.000,0.000,0
abz5,MMAS,7,1814,0.32,0.000,0.000,0
abz5,Tabu,7,1451,0.00,0.000,0.000,0
abz5,SHAP-off,7,2025,0.36,0.000,0.000,0
abz5,SG-ACO,7,1900,2.23,0.479,1.344,2
abz5,AS-std,8,1706,0.32,0.000,0.000,0
abz5,MMAS,8,1604,0.31,0.000,0.000,0
abz5,Tabu,8,1451,0.00,0.000,0.000,0
abz5,SHAP-off,8,2067,0.35,0.000,0.000,0
abz5,SG-ACO,8,2068,2.43,0.534,1.461,2
abz5,AS-std,9,1713,0.33,0.000,0.000,0
abz5,MMAS,9,1661,0.33,0.000,0.000,0
abz5,Tabu,9,1451,0.00,0.000,0.000,0
abz5,SHAP-off,9,2122,0.47,0.000,0.000,0
abz5,SG-ACO,9,1923,2.56,0.615,1.502,2
abz5,AS-std,10,1755,0.36,0.000,0.000,0
abz5,MMAS,10,1723,0.35,0.000,0.000,0
abz5,Tabu,10,1451,0.00,0.000,0.000,0
abz5,SHAP-off,10,2033,0.38,0.000,0.000,0
abz5,SG-ACO,10,1964,2.46,0.557,1.465,2
abz5,AS-std,11,1725,0.32,0.000,0.000,0
abz5,MMAS,11,1672,0.31,0.000,0.000,0
abz5,Tabu,11,1451,0.00,0.000,0.000,0
abz5,SHAP-off,11,1970,0.36,0.000,0.000,0
abz5,SG-ACO,11,1970,1.31,0.237,0.689,1
abz5,AS-std,12,1636,0.32,0.000,0.000,0
abz5,MMAS,12,1695,0.31,0.000,0.000,0
abz5,Tabu,12,1451,0.00,0.000,0.000,0
abz5,SHAP-off,12,2031,0.36,0.000,0.000,0
abz5,SG-ACO,12,1962,3.61,0.853,2.293,3
abz5,AS-std,13,1681,0.32,0.000,0.000,0
abz5,MMAS,13,1757,0.31,0.000,0.000,0
abz5,Tabu,13,1451,0.00,0.000,0.000,0
abz5,SHAP-off,13,2029,0.35,0.000,0.000,0
abz5,SG-ACO,13,2055,3.25,0.746,2.066,3
abz5,AS-std,14,1727,0.32,0.000,0.000,0
abz5,MMAS,14,1705,0.31,0.000,0.000,0
abz5,Tabu,14,1451,0.00,0.000,0.000,0
abz5,SHAP-off,14,2074,0.36,0.000,0.000,0
abz5,SG-ACO,14,1888,2.31,0.506,1.378,2
abz5,AS-std,15,1770,0.33,0.000,0.000,0
abz5,MMAS,15,1696,0.31,0.000,0.000,0
abz5,Tabu,15,1451,0.00,0.000,0.000,0
abz5,SHAP-off,15,2109,0.36,0.000,0.000,0
abz5,SG-ACO,15,1933,2.33,0.512,1.389,2
abz5,AS-std,16,1670,0.36,0.000,0.000,0
abz5,MMAS,16,1637,0.31,0.000,0.000,0
abz5,Tabu,16,1451,0.00,0.000,0.000,0
abz5,SHAP-off,16,1997,0.35,0.000,0.000,0
abz5,SG-ACO,16,2024,2.29,0.494,1.379,2
abz5,AS-std,17,1854,0.33,0.000,0.000,0
abz5,MMAS,17,1598,0.31,0.000,0.000,0
abz5,Tabu,17,1451,0.00,0.000,0.000,0
abz5,SHAP-off,17,2016,0.36,0.000,0.000,0
abz5,SG-ACO,17,1904,2.29,0.486,1.387,2
abz5,AS-std,18,1700,0.33,0.000,0.000,0
abz5,MMAS,18,1700,0.33,0.000,0.000,0
abz5,Tabu,18,1451,0.00,0.000,0.000,0
abz5,SHAP-off,18,2018,0.36,0.000,0.000,0
abz5,SG-ACO,18,1833,2.34,0.512,1.401,2
abz5,AS-std,19,1741,0.32,0.000,0.000,0
abz5,MMAS,19,1679,0.32,0.000,0.000,0
abz5,Tabu,19,1417,0.00,0.000,0.000,0
abz5,SHAP-off,19,2105,0.37,0.000,0.000,0
abz5,SG-ACO,19,1890,2.62,0.623,1.547,2
abz5,AS-std,20,1805,0.33,0.000,0.000,0
abz5,MMAS,20,1772,0.31,0.000,0.000,0
abz5,Tabu,20,1451,0.00,0.000,0.000,0
abz5,SHAP-off,20,1986,0.37,0.000,0.000,0
abz5,SG-ACO,20,1986,2.21,0.478,1.327,2
abz5,AS-std,21,1702,0.33,0.000,0.000,0
abz5,MMAS,21,1680,0.31,0.000,0.000,0
abz5,Tabu,21,1451,0.00,0.000,0.000,0
abz5,SHAP-off,21,2058,0.35,0.000,0.000,0
abz5,SG-ACO,21,1873,2.21,0.477,1.330,2
abz5,AS-std,22,1786,0.32,0.000,0.000,0
abz5,MMAS,22,1702,0.31,0.000,0.000,0
abz5,Tabu,22,1451,0.00,0.000,0.000,0
abz5,SHAP-off,22,1946,0.36,0.000,0.000,0
abz5,SG-ACO,22,1946,3.32,0.760,2.119,3
abz5,AS-std,23,1725,0.34,0.000,0.000,0
abz5,MMAS,23,1725,0.31,0.000,0.000,0
abz5,Tabu,23,1417,0.01,0.000,0.000,0
abz5,SHAP-off,23,2091,0.35,0.000,0.000,0
abz5,SG-ACO,23,1948,2.30,0.503,1.365,2
abz5,AS-std,24,1738,0.34,0.000,0.000,0
abz5,MMAS,24,1774,0.33,0.000,0.000,0
abz5,Tabu,24,1417,0.00,0.000,0.000,0
abz5,SHAP-off,24,2036,0.38,0.000,0.000,0
abz5,SG-ACO,24,1886,2.34,0.477,1.425,2
abz5,AS-std,25,1776,0.33,0.000,0.000,0
abz5,MMAS,25,1754,0.32,0.000,0.000,0
abz5,Tabu,25,1451,0.00,0.000,0.000,0
abz5,SHAP-off,25,1939,0.35,0.000,0.000,0
abz5,SG-ACO,25,1922,2.22,0.481,1.329,2
orb01,SPT,0,2522,0,0,0,0
orb01,MWKR,0,1716,0,0,0,0
orb01,MOR,0,1524,0,0,0,0
orb01,AS-std,1,1671,0.33,0.000,0.000,0
orb01,MMAS,1,1676,0.30,0.000,0.000,0
orb01,Tabu,1,1595,0.00,0.000,0.000,0
orb01,SHAP-off,1,1638,0.35,0.000,0.000,0
orb01,SG-ACO,1,1638,1.32,0.244,0.695,1
orb01,AS-std,2,1609,0.33,0.000,0.000,0
orb01,MMAS,2,1457,0.31,0.000,0.000,0
orb01,Tabu,2,1595,0.00,0.000,0.000,0
orb01,SHAP-off,2,1637,0.35,0.000,0.000,0
orb01,SG-ACO,2,1637,1.33,0.236,0.701,1
orb01,AS-std,3,1599,0.33,0.000,0.000,0
orb01,MMAS,3,1598,0.31,0.000,0.000,0
orb01,Tabu,3,1595,0.00,0.000,0.000,0
orb01,SHAP-off,3,1748,0.35,0.000,0.000,0
orb01,SG-ACO,3,1680,2.56,0.555,1.552,2
orb01,AS-std,4,1685,0.36,0.000,0.000,0
orb01,MMAS,4,1596,0.31,0.000,0.000,0
orb01,Tabu,4,1595,0.00,0.000,0.000,0
orb01,SHAP-off,4,1698,0.35,0.000,0.000,0
orb01,SG-ACO,4,1720,1.41,0.270,0.757,1
orb01,AS-std,5,1609,0.36,0.000,0.000,0
orb01,MMAS,5,1602,0.32,0.000,0.000,0
orb01,Tabu,5,1595,0.00,0.000,0.000,0
orb01,SHAP-off,5,1685,0.35,0.000,0.000,0
orb01,SG-ACO,5,1685,2.50,0.544,1.547,2
orb01,AS-std,6,1556,0.33,0.000,0.000,0
orb01,MMAS,6,1556,0.30,0.000,0.000,0
orb01,Tabu,6,1595,0.00,0.000,0.000,0
orb01,SHAP-off,6,1668,0.37,0.000,0.000,0
orb01,SG-ACO,6,1654,2.36,0.505,1.441,2
orb01,AS-std,7,1635,0.32,0.000,0.000,0
orb01,MMAS,7,1623,0.31,0.000,0.000,0
orb01,Tabu,7,1595,0.00,0.000,0.000,0
orb01,SHAP-off,7,1747,0.37,0.000,0.000,0
orb01,SG-ACO,7,1747,2.55,0.560,1.561,2
orb01,AS-std,8,1617,0.33,0.000,0.000,0
orb01,MMAS,8,1584,0.32,0.000,0.000,0
orb01,Tabu,8,1595,0.00,0.000,0.000,0
orb01,SHAP-off,8,1657,0.36,0.000,0.000,0
orb01,SG-ACO,8,1657,1.35,0.243,0.716,1
orb01,AS-std,9,1537,0.33,0.000,0.000,0
orb01,MMAS,9,1529,0.31,0.000,0.000,0
orb01,Tabu,9,1595,0.00,0.000,0.000,0
orb01,SHAP-off,9,1708,0.35,0.000,0.000,0
orb01,SG-ACO,9,1731,2.58,0.575,1.575,2
orb01,AS-std,10,1619,0.33,0.000,0.000,0
orb01,MMAS,10,1602,0.32,0.000,0.000,0
orb01,Tabu,10,1595,0.00,0.000,0.000,0
orb01,SHAP-off,10,1648,0.35,0.000,0.000,0
orb01,SG-ACO,10,1726,2.47,0.531,1.518,2
orb01,AS-std,11,1541,0.33,0.000,0.000,0
orb01,MMAS,11,1629,0.32,0.000,0.000,0
orb01,Tabu,11,1595,0.00,0.000,0.000,0
orb01,SHAP-off,11,1651,0.36,0.000,0.000,0
orb01,SG-ACO,11,1651,1.33,0.237,0.701,1
orb01,AS-std,12,1606,0.33,0.000,0.000,0
orb01,MMAS,12,1633,0.32,0.000,0.000,0
orb01,Tabu,12,1595,0.00,0.000,0.000,0
orb01,SHAP-off,12,1740,0.36,0.000,0.000,0
orb01,SG-ACO,12,1747,1.41,0.266,0.749,1
orb01,AS-std,13,1670,0.33,0.000,0.000,0
orb01,MMAS,13,1652,0.31,0.000,0.000,0
orb01,Tabu,13,1595,0.00,0.000,0.000,0
orb01,SHAP-off,13,1730,0.36,0.000,0.000,0
orb01,SG-ACO,13,1607,2.40,0.508,1.476,2
orb01,AS-std,14,1559,0.33,0.000,0.000,0
orb01,MMAS,14,1622,0.32,0.000,0.000,0
orb01,Tabu,14,1595,0.00,0.000,0.000,0
orb01,SHAP-off,14,1673,0.36,0.000,0.000,0
orb01,SG-ACO,14,1673,1.38,0.241,0.734,1
orb01,AS-std,15,1633,0.32,0.000,0.000,0
orb01,MMAS,15,1607,0.32,0.000,0.000,0
orb01,Tabu,15,1595,0.00,0.000,0.000,0
orb01,SHAP-off,15,1675,0.36,0.000,0.000,0
orb01,SG-ACO,15,1721,3.60,0.815,2.322,3
orb01,AS-std,16,1605,0.33,0.000,0.000,0
orb01,MMAS,16,1572,0.31,0.000,0.000,0
orb01,Tabu,16,1595,0.00,0.000,0.000,0
orb01,SHAP-off,16,1676,0.36,0.000,0.000,0
orb01,SG-ACO,16,1676,2.37,0.507,1.451,2
orb01,AS-std,17,1650,0.33,0.000,0.000,0
orb01,MMAS,17,1561,0.32,0.000,0.000,0
orb01,Tabu,17,1551,0.00,0.000,0.000,0
orb01,SHAP-off,17,1664,0.41,0.000,0.000,0
orb01,SG-ACO,17,1664,2.37,0.502,1.460,2
orb01,AS-std,18,1570,0.32,0.000,0.000,0
orb01,MMAS,18,1539,0.31,0.000,0.000,0
orb01,Tabu,18,1595,0.00,0.000,0.000,0
orb01,SHAP-off,18,1687,0.35,0.000,0.000,0
orb01,SG-ACO,18,1691,2.41,0.528,1.469,2
orb01,AS-std,19,1666,0.33,0.000,0.000,0
orb01,MMAS,19,1643,0.30,0.000,0.000,0
orb01,Tabu,19,1551,0.00,0.000,0.000,0
orb01,SHAP-off,19,1673,0.35,0.000,0.000,0
orb01,SG-ACO,19,1582,2.31,0.501,1.406,2
orb01,AS-std,20,1580,0.32,0.000,0.000,0
orb01,MMAS,20,1580,0.30,0.000,0.000,0
orb01,Tabu,20,1595,0.00,0.000,0.000,0
orb01,SHAP-off,20,1688,0.37,0.000,0.000,0
orb01,SG-ACO,20,1673,2.42,0.533,1.479,2
orb01,AS-std,21,1620,0.32,0.000,0.000,0
orb01,MMAS,21,1608,0.30,0.000,0.000,0
orb01,Tabu,21,1595,0.00,0.000,0.000,0
orb01,SHAP-off,21,1697,0.34,0.000,0.000,0
orb01,SG-ACO,21,1606,2.38,0.521,1.453,2
orb01,AS-std,22,1589,0.32,0.000,0.000,0
orb01,MMAS,22,1608,0.30,0.000,0.000,0
orb01,Tabu,22,1595,0.00,0.000,0.000,0
orb01,SHAP-off,22,1725,0.35,0.000,0.000,0
orb01,SG-ACO,22,1587,2.43,0.529,1.479,2
orb01,AS-std,23,1631,0.33,0.000,0.000,0
orb01,MMAS,23,1632,0.31,0.000,0.000,0
orb01,Tabu,23,1595,0.00,0.000,0.000,0
orb01,SHAP-off,23,1609,0.36,0.000,0.000,0
orb01,SG-ACO,23,1609,1.32,0.244,0.691,1
orb01,AS-std,24,1598,0.33,0.000,0.000,0
orb01,MMAS,24,1629,0.31,0.000,0.000,0
orb01,Tabu,24,1595,0.00,0.000,0.000,0
orb01,SHAP-off,24,1683,0.40,0.000,0.000,0
orb01,SG-ACO,24,1681,2.58,0.547,1.555,2
orb01,AS-std,25,1648,0.34,0.000,0.000,0
orb01,MMAS,25,1624,0.30,0.000,0.000,0
orb01,Tabu,25,1595,0.00,0.000,0.000,0
orb01,SHAP-off,25,1750,0.35,0.000,0.000,0
orb01,SG-ACO,25,1722,2.59,0.607,1.560,2
ta01,SPT,0,6493,0,0,0,0
ta01,MWKR,0,1865,0,0,0,0
ta01,MOR,0,1596,0,0,0,0
ta01,AS-std,1,2449,0.84,0.000,0.000,0
ta01,MMAS,1,2443,0.83,0.000,0.000,0
ta01,Tabu,1,1775,0.00,0.000,0.000,0
ta01,SHAP-off,1,2356,0.96,0.000,0.000,0
ta01,SG-ACO,1,2421,3.64,0.669,1.915,2
ta01,AS-std,2,2242,0.89,0.000,0.000,0
ta01,MMAS,2,2415,0.89,0.000,0.000,0
ta01,Tabu,2,1775,0.00,0.000,0.000,0
ta01,SHAP-off,2,2392,0.98,0.000,0.000,0
ta01,SG-ACO,2,2327,3.62,0.673,1.893,2
ta01,AS-std,3,2371,0.83,0.000,0.000,0
ta01,MMAS,3,2454,0.83,0.000,0.000,0
ta01,Tabu,3,1775,0.00,0.000,0.000,0
ta01,SHAP-off,3,2287,0.96,0.000,0.000,0
ta01,SG-ACO,3,2433,3.56,0.672,1.850,2
ta01,AS-std,4,2340,0.83,0.000,0.000,0
ta01,MMAS,4,2433,0.85,0.000,0.000,0
ta01,Tabu,4,1775,0.00,0.000,0.000,0
ta01,SHAP-off,4,2317,0.93,0.000,0.000,0
ta01,SG-ACO,4,2440,3.54,0.687,1.830,2
ta01,AS-std,5,2347,0.84,0.000,0.000,0
ta01,MMAS,5,2322,0.85,0.000,0.000,0
ta01,Tabu,5,1775,0.00,0.000,0.000,0
ta01,SHAP-off,5,2407,0.96,0.000,0.000,0
ta01,SG-ACO,5,2263,3.57,0.675,1.843,2
ta01,AS-std,6,2318,0.83,0.000,0.000,0
ta01,MMAS,6,2471,0.82,0.000,0.000,0
ta01,Tabu,6,1775,0.00,0.000,0.000,0
ta01,SHAP-off,6,2295,0.96,0.000,0.000,0
ta01,SG-ACO,6,2406,3.61,0.691,1.874,2
ta01,AS-std,7,2413,0.87,0.000,0.000,0
ta01,MMAS,7,2383,0.83,0.000,0.000,0
ta01,Tabu,7,1775,0.00,0.000,0.000,0
ta01,SHAP-off,7,2302,0.93,0.000,0.000,0
ta01,SG-ACO,7,2465,2.32,0.340,0.978,1
ta01,AS-std,8,2345,0.83,0.000,0.000,0
ta01,MMAS,8,2364,0.82,0.000,0.000,0
ta01,Tabu,8,1775,0.00,0.000,0.000,0
ta01,SHAP-off,8,2398,0.94,0.000,0.000,0
ta01,SG-ACO,8,2416,3.56,0.678,1.856,2
ta01,AS-std,9,2394,0.84,0.000,0.000,0
ta01,MMAS,9,2500,0.82,0.000,0.000,0
ta01,Tabu,9,1775,0.00,0.000,0.000,0
ta01,SHAP-off,9,2078,0.94,0.000,0.000,0
ta01,SG-ACO,9,2078,2.25,0.349,0.921,1
ta01,AS-std,10,2476,0.81,0.000,0.000,0
ta01,MMAS,10,2394,0.81,0.000,0.000,0
ta01,Tabu,10,1775,0.00,0.000,0.000,0
ta01,SHAP-off,10,2329,0.93,0.000,0.000,0
ta01,SG-ACO,10,2330,2.26,0.336,0.935,1
ta01,AS-std,11,2366,0.82,0.000,0.000,0
ta01,MMAS,11,2301,0.82,0.000,0.000,0
ta01,Tabu,11,1775,0.00,0.000,0.000,0
ta01,SHAP-off,11,2365,0.93,0.000,0.000,0
ta01,SG-ACO,11,2369,3.63,0.675,1.876,2
ta01,AS-std,12,2425,0.86,0.000,0.000,0
ta01,MMAS,12,2342,0.84,0.000,0.000,0
ta01,Tabu,12,1775,0.00,0.000,0.000,0
ta01,SHAP-off,12,2392,0.95,0.000,0.000,0
ta01,SG-ACO,12,2413,2.29,0.346,0.932,1
ta01,AS-std,13,2304,0.85,0.000,0.000,0
ta01,MMAS,13,2374,0.81,0.000,0.000,0
ta01,Tabu,13,1775,0.00,0.000,0.000,0
ta01,SHAP-off,13,2402,0.97,0.000,0.000,0
ta01,SG-ACO,13,2402,2.28,0.337,0.943,1
ta01,AS-std,14,2409,0.84,0.000,0.000,0
ta01,MMAS,14,2417,0.83,0.000,0.000,0
ta01,Tabu,14,1775,0.00,0.000,0.000,0
ta01,SHAP-off,14,2163,0.93,0.000,0.000,0
ta01,SG-ACO,14,2210,3.58,0.689,1.847,2
ta01,AS-std,15,2436,0.84,0.000,0.000,0
ta01,MMAS,15,2447,0.84,0.000,0.000,0
ta01,Tabu,15,1775,0.00,0.000,0.000,0
ta01,SHAP-off,15,2347,0.96,0.000,0.000,0
ta01,SG-ACO,15,2421,3.56,0.680,1.858,2
ta01,AS-std,16,2401,0.83,0.000,0.000,0
ta01,MMAS,16,2419,0.83,0.000,0.000,0
ta01,Tabu,16,1775,0.00,0.000,0.000,0
ta01,SHAP-off,16,2438,0.94,0.000,0.000,0
ta01,SG-ACO,16,2255,3.59,0.680,1.847,2
ta01,AS-std,17,2318,0.83,0.000,0.000,0
ta01,MMAS,17,2520,0.81,0.000,0.000,0
ta01,Tabu,17,1775,0.00,0.000,0.000,0
ta01,SHAP-off,17,2379,1.00,0.000,0.000,0
ta01,SG-ACO,17,2456,3.70,0.697,1.899,2
ta01,AS-std,18,2369,0.84,0.000,0.000,0
ta01,MMAS,18,2292,0.83,0.000,0.000,0
ta01,Tabu,18,1775,0.00,0.000,0.000,0
ta01,SHAP-off,18,2333,0.96,0.000,0.000,0
ta01,SG-ACO,18,2333,2.31,0.353,0.961,1
ta01,AS-std,19,2390,0.82,0.000,0.000,0
ta01,MMAS,19,2354,0.82,0.000,0.000,0
ta01,Tabu,19,1775,0.00,0.000,0.000,0
ta01,SHAP-off,19,2405,0.93,0.000,0.000,0
ta01,SG-ACO,19,2331,3.59,0.669,1.878,2
ta01,AS-std,20,2394,0.84,0.000,0.000,0
ta01,MMAS,20,2397,0.83,0.000,0.000,0
ta01,Tabu,20,1775,0.00,0.000,0.000,0
ta01,SHAP-off,20,2327,0.94,0.000,0.000,0
ta01,SG-ACO,20,2327,2.24,0.338,0.927,1
ta01,AS-std,21,2236,0.82,0.000,0.000,0
ta01,MMAS,21,2334,0.82,0.000,0.000,0
ta01,Tabu,21,1775,0.00,0.000,0.000,0
ta01,SHAP-off,21,2424,0.94,0.000,0.000,0
ta01,SG-ACO,21,2468,2.28,0.341,0.920,1
ta01,AS-std,22,2430,0.85,0.000,0.000,0
ta01,MMAS,22,2276,0.83,0.000,0.000,0
ta01,Tabu,22,1775,0.00,0.000,0.000,0
ta01,SHAP-off,22,2421,0.97,0.000,0.000,0
ta01,SG-ACO,22,2280,4.91,1.024,2.776,3
ta01,AS-std,23,2354,0.81,0.000,0.000,0
ta01,MMAS,23,2439,0.82,0.000,0.000,0
ta01,Tabu,23,1775,0.00,0.000,0.000,0
ta01,SHAP-off,23,2383,0.97,0.000,0.000,0
ta01,SG-ACO,23,2448,3.57,0.672,1.849,2
ta01,AS-std,24,2370,0.82,0.000,0.000,0
ta01,MMAS,24,2336,0.82,0.000,0.000,0
ta01,Tabu,24,1775,0.00,0.000,0.000,0
ta01,SHAP-off,24,2245,0.93,0.000,0.000,0
ta01,SG-ACO,24,2245,2.23,0.341,0.910,1
ta01,AS-std,25,2270,0.85,0.000,0.000,0
ta01,MMAS,25,2402,0.85,0.000,0.000,0
ta01,Tabu,25,1775,0.00,0.000,0.000,0
ta01,SHAP-off,25,2336,0.95,0.000,0.000,0
ta01,SG-ACO,25,2418,3.56,0.677,1.843,2
ft06,ACS,1,69,0.10,0.000,0.000,0
ft06,ACS,2,67,0.09,0.000,0.000,0
ft06,ACS,3,67,0.09,0.000,0.000,0
ft06,ACS,4,69,0.09,0.000,0.000,0
ft06,ACS,5,68,0.09,0.000,0.000,0
ft06,ACS,6,65,0.09,0.000,0.000,0
ft06,ACS,7,65,0.09,0.000,0.000,0
ft06,ACS,8,68,0.09,0.000,0.000,0
ft06,ACS,9,61,0.09,0.000,0.000,0
ft06,ACS,10,68,0.09,0.000,0.000,0
ft06,ACS,11,64,0.10,0.000,0.000,0
ft06,ACS,12,67,0.09,0.000,0.000,0
ft06,ACS,13,61,0.09,0.000,0.000,0
ft06,ACS,14,70,0.09,0.000,0.000,0
ft06,ACS,15,71,0.09,0.000,0.000,0
ft06,ACS,16,70,0.09,0.000,0.000,0
ft06,ACS,17,65,0.09,0.000,0.000,0
ft06,ACS,18,64,0.09,0.000,0.000,0
ft06,ACS,19,71,0.09,0.000,0.000,0
ft06,ACS,20,72,0.09,0.000,0.000,0
ft06,ACS,21,67,0.09,0.000,0.000,0
ft06,ACS,22,64,0.09,0.000,0.000,0
ft06,ACS,23,76,0.09,0.000,0.000,0
ft06,ACS,24,71,0.09,0.000,0.000,0
ft06,ACS,25,66,0.09,0.000,0.000,0
la01,ACS,1,805,0.14,0.000,0.000,0
la01,ACS,2,823,0.14,0.000,0.000,0
la01,ACS,3,813,0.14,0.000,0.000,0
la01,ACS,4,770,0.14,0.000,0.000,0
la01,ACS,5,885,0.14,0.000,0.000,0
la01,ACS,6,824,0.14,0.000,0.000,0
la01,ACS,7,942,0.14,0.000,0.000,0
la01,ACS,8,941,0.14,0.000,0.000,0
la01,ACS,9,806,0.14,0.000,0.000,0
la01,ACS,10,790,0.14,0.000,0.000,0
la01,ACS,11,814,0.15,0.000,0.000,0
la01,ACS,12,820,0.14,0.000,0.000,0
la01,ACS,13,816,0.14,0.000,0.000,0
la01,ACS,14,803,0.14,0.000,0.000,0
la01,ACS,15,824,0.14,0.000,0.000,0
la01,ACS,16,866,0.14,0.000,0.000,0
la01,ACS,17,844,0.14,0.000,0.000,0
la01,ACS,18,777,0.15,0.000,0.000,0
la01,ACS,19,832,0.14,0.000,0.000,0
la01,ACS,20,802,0.14,0.000,0.000,0
la01,ACS,21,863,0.15,0.000,0.000,0
la01,ACS,22,861,0.14,0.000,0.000,0
la01,ACS,23,844,0.14,0.000,0.000,0
la01,ACS,24,813,0.14,0.000,0.000,0
la01,ACS,25,872,0.15,0.000,0.000,0
la02,ACS,1,834,0.14,0.000,0.000,0
la02,ACS,2,837,0.14,0.000,0.000,0
la02,ACS,3,837,0.13,0.000,0.000,0
la02,ACS,4,831,0.14,0.000,0.000,0
la02,ACS,5,833,0.13,0.000,0.000,0
la02,ACS,6,876,0.14,0.000,0.000,0
la02,ACS,7,803,0.15,0.000,0.000,0
la02,ACS,8,872,0.15,0.000,0.000,0
la02,ACS,9,926,0.14,0.000,0.000,0
la02,ACS,10,925,0.14,0.000,0.000,0
la02,ACS,11,903,0.14,0.000,0.000,0
la02,ACS,12,844,0.14,0.000,0.000,0
la02,ACS,13,885,0.14,0.000,0.000,0
la02,ACS,14,790,0.14,0.000,0.000,0
la02,ACS,15,945,0.15,0.000,0.000,0
la02,ACS,16,813,0.14,0.000,0.000,0
la02,ACS,17,860,0.14,0.000,0.000,0
la02,ACS,18,878,0.14,0.000,0.000,0
la02,ACS,19,879,0.14,0.000,0.000,0
la02,ACS,20,800,0.14,0.000,0.000,0
la02,ACS,21,901,0.13,0.000,0.000,0
la02,ACS,22,923,0.14,0.000,0.000,0
la02,ACS,23,794,0.14,0.000,0.000,0
la02,ACS,24,1023,0.13,0.000,0.000,0
la02,ACS,25,815,0.14,0.000,0.000,0
la03,ACS,1,755,0.13,0.000,0.000,0
la03,ACS,2,712,0.13,0.000,0.000,0
la03,ACS,3,755,0.13,0.000,0.000,0
la03,ACS,4,797,0.14,0.000,0.000,0
la03,ACS,5,768,0.13,0.000,0.000,0
la03,ACS,6,690,0.14,0.000,0.000,0
la03,ACS,7,733,0.13,0.000,0.000,0
la03,ACS,8,709,0.13,0.000,0.000,0
la03,ACS,9,714,0.13,0.000,0.000,0
la03,ACS,10,709,0.14,0.000,0.000,0
la03,ACS,11,709,0.13,0.000,0.000,0
la03,ACS,12,820,0.14,0.000,0.000,0
la03,ACS,13,677,0.13,0.000,0.000,0
la03,ACS,14,779,0.13,0.000,0.000,0
la03,ACS,15,766,0.14,0.000,0.000,0
la03,ACS,16,689,0.14,0.000,0.000,0
la03,ACS,17,772,0.14,0.000,0.000,0
la03,ACS,18,711,0.14,0.000,0.000,0
la03,ACS,19,739,0.13,0.000,0.000,0
la03,ACS,20,739,0.14,0.000,0.000,0
la03,ACS,21,765,0.14,0.000,0.000,0
la03,ACS,22,682,0.14,0.000,0.000,0
la03,ACS,23,784,0.14,0.000,0.000,0
la03,ACS,24,770,0.14,0.000,0.000,0
la03,ACS,25,767,0.14,0.000,0.000,0
la04,ACS,1,817,0.19,0.000,0.000,0
la04,ACS,2,794,0.15,0.000,0.000,0
la04,ACS,3,822,0.14,0.000,0.000,0
la04,ACS,4,813,0.15,0.000,0.000,0
la04,ACS,5,758,0.15,0.000,0.000,0
la04,ACS,6,774,0.14,0.000,0.000,0
la04,ACS,7,770,0.14,0.000,0.000,0
la04,ACS,8,778,0.14,0.000,0.000,0
la04,ACS,9,829,0.14,0.000,0.000,0
la04,ACS,10,869,0.14,0.000,0.000,0
la04,ACS,11,778,0.14,0.000,0.000,0
la04,ACS,12,815,0.14,0.000,0.000,0
la04,ACS,13,812,0.14,0.000,0.000,0
la04,ACS,14,834,0.14,0.000,0.000,0
la04,ACS,15,729,0.14,0.000,0.000,0
la04,ACS,16,789,0.14,0.000,0.000,0
la04,ACS,17,950,0.14,0.000,0.000,0
la04,ACS,18,818,0.14,0.000,0.000,0
la04,ACS,19,861,0.13,0.000,0.000,0
la04,ACS,20,819,0.14,0.000,0.000,0
la04,ACS,21,822,0.14,0.000,0.000,0
la04,ACS,22,821,0.14,0.000,0.000,0
la04,ACS,23,803,0.14,0.000,0.000,0
la04,ACS,24,880,0.15,0.000,0.000,0
la04,ACS,25,821,0.16,0.000,0.000,0
la05,ACS,1,790,0.13,0.000,0.000,0
la05,ACS,2,720,0.14,0.000,0.000,0
la05,ACS,3,754,0.14,0.000,0.000,0
la05,ACS,4,663,0.14,0.000,0.000,0
la05,ACS,5,833,0.14,0.000,0.000,0
la05,ACS,6,730,0.16,0.000,0.000,0
la05,ACS,7,791,0.14,0.000,0.000,0
la05,ACS,8,748,0.14,0.000,0.000,0
la05,ACS,9,733,0.13,0.000,0.000,0
la05,ACS,10,754,0.14,0.000,0.000,0
la05,ACS,11,761,0.14,0.000,0.000,0
la05,ACS,12,698,0.14,0.000,0.000,0
la05,ACS,13,836,0.14,0.000,0.000,0
la05,ACS,14,693,0.14,0.000,0.000,0
la05,ACS,15,668,0.14,0.000,0.000,0
la05,ACS,16,806,0.13,0.000,0.000,0
la05,ACS,17,767,0.13,0.000,0.000,0
la05,ACS,18,698,0.13,0.000,0.000,0
la05,ACS,19,751,0.14,0.000,0.000,0
la05,ACS,20,754,0.13,0.000,0.000,0
la05,ACS,21,786,0.13,0.000,0.000,0
la05,ACS,22,744,0.13,0.000,0.000,0
la05,ACS,23,702,0.14,0.000,0.000,0
la05,ACS,24,751,0.13,0.000,0.000,0
la05,ACS,25,737,0.13,0.000,0.000,0
ft10,ACS,1,1411,0.25,0.000,0.000,0
ft10,ACS,2,1495,0.26,0.000,0.000,0
ft10,ACS,3,1330,0.25,0.000,0.000,0
ft10,ACS,4,1302,0.25,0.000,0.000,0
ft10,ACS,5,1312,0.26,0.000,0.000,0
ft10,ACS,6,1465,0.25,0.000,0.000,0
ft10,ACS,7,1573,0.26,0.000,0.000,0
ft10,ACS,8,1371,0.25,0.000,0.000,0
ft10,ACS,9,1526,0.25,0.000,0.000,0
ft10,ACS,10,1558,0.26,0.000,0.000,0
ft10,ACS,11,1372,0.25,0.000,0.000,0
ft10,ACS,12,1326,0.25,0.000,0.000,0
ft10,ACS,13,1378,0.26,0.000,0.000,0
ft10,ACS,14,1448,0.26,0.000,0.000,0
ft10,ACS,15,1498,0.25,0.000,0.000,0
ft10,ACS,16,1453,0.25,0.000,0.000,0
ft10,ACS,17,1418,0.25,0.000,0.000,0
ft10,ACS,18,1491,0.25,0.000,0.000,0
ft10,ACS,19,1345,0.30,0.000,0.000,0
ft10,ACS,20,1294,0.27,0.000,0.000,0
ft10,ACS,21,1401,0.26,0.000,0.000,0
ft10,ACS,22,1503,0.27,0.000,0.000,0
ft10,ACS,23,1519,0.25,0.000,0.000,0
ft10,ACS,24,1542,0.27,0.000,0.000,0
ft10,ACS,25,1472,0.27,0.000,0.000,0
abz5,ACS,1,1944,0.27,0.000,0.000,0
abz5,ACS,2,1729,0.28,0.000,0.000,0
abz5,ACS,3,1878,0.27,0.000,0.000,0
abz5,ACS,4,1916,0.28,0.000,0.000,0
abz5,ACS,5,2187,0.27,0.000,0.000,0
abz5,ACS,6,1805,0.28,0.000,0.000,0
abz5,ACS,7,1935,0.27,0.000,0.000,0
abz5,ACS,8,1768,0.27,0.000,0.000,0
abz5,ACS,9,1886,0.26,0.000,0.000,0
abz5,ACS,10,1856,0.28,0.000,0.000,0
abz5,ACS,11,1787,0.27,0.000,0.000,0
abz5,ACS,12,1850,0.28,0.000,0.000,0
abz5,ACS,13,1835,0.27,0.000,0.000,0
abz5,ACS,14,2134,0.26,0.000,0.000,0
abz5,ACS,15,2110,0.28,0.000,0.000,0
abz5,ACS,16,1774,0.27,0.000,0.000,0
abz5,ACS,17,2182,0.26,0.000,0.000,0
abz5,ACS,18,1825,0.29,0.000,0.000,0
abz5,ACS,19,2028,0.29,0.000,0.000,0
abz5,ACS,20,2161,0.28,0.000,0.000,0
abz5,ACS,21,2211,0.26,0.000,0.000,0
abz5,ACS,22,2086,0.29,0.000,0.000,0
abz5,ACS,23,2111,0.27,0.000,0.000,0
abz5,ACS,24,1853,0.27,0.000,0.000,0
abz5,ACS,25,2117,0.29,0.000,0.000,0
orb01,ACS,1,1603,0.26,0.000,0.000,0
orb01,ACS,2,1578,0.26,0.000,0.000,0
orb01,ACS,3,1544,0.26,0.000,0.000,0
orb01,ACS,4,1590,0.26,0.000,0.000,0
orb01,ACS,5,1505,0.27,0.000,0.000,0
orb01,ACS,6,1696,0.26,0.000,0.000,0
orb01,ACS,7,1533,0.26,0.000,0.000,0
orb01,ACS,8,1533,0.27,0.000,0.000,0
orb01,ACS,9,1650,0.26,0.000,0.000,0
orb01,ACS,10,1530,0.25,0.000,0.000,0
orb01,ACS,11,1479,0.26,0.000,0.000,0
orb01,ACS,12,1586,0.26,0.000,0.000,0
orb01,ACS,13,1479,0.27,0.000,0.000,0
orb01,ACS,14,1509,0.26,0.000,0.000,0
orb01,ACS,15,1655,0.26,0.000,0.000,0
orb01,ACS,16,1573,0.26,0.000,0.000,0
orb01,ACS,17,1522,0.26,0.000,0.000,0
orb01,ACS,18,1481,0.27,0.000,0.000,0
orb01,ACS,19,1546,0.27,0.000,0.000,0
orb01,ACS,20,1579,0.26,0.000,0.000,0
orb01,ACS,21,1563,0.26,0.000,0.000,0
orb01,ACS,22,1477,0.26,0.000,0.000,0
orb01,ACS,23,1571,0.27,0.000,0.000,0
orb01,ACS,24,1600,0.26,0.000,0.000,0
orb01,ACS,25,1598,0.26,0.000,0.000,0
ta01,ACS,1,3308,0.77,0.000,0.000,0
ta01,ACS,2,3058,0.76,0.000,0.000,0
ta01,ACS,3,3083,0.75,0.000,0.000,0
ta01,ACS,4,2817,0.77,0.000,0.000,0
ta01,ACS,5,2962,0.76,0.000,0.000,0
ta01,ACS,6,2883,0.78,0.000,0.000,0
ta01,ACS,7,3271,0.76,0.000,0.000,0
ta01,ACS,8,3029,0.74,0.000,0.000,0
ta01,ACS,9,3146,0.75,0.000,0.000,0
ta01,ACS,10,3030,0.78,0.000,0.000,0
ta01,ACS,11,2971,0.76,0.000,0.000,0
ta01,ACS,12,3025,0.75,0.000,0.000,0
ta01,ACS,13,3025,0.75,0.000,0.000,0
ta01,ACS,14,2944,0.76,0.000,0.000,0
ta01,ACS,15,3148,0.81,0.000,0.000,0
ta01,ACS,16,2729,0.73,0.000,0.000,0
ta01,ACS,17,2657,0.75,0.000,0.000,0
ta01,ACS,18,3181,0.72,0.000,0.000,0
ta01,ACS,19,3242,0.73,0.000,0.000,0
ta01,ACS,20,2918,0.73,0.000,0.000,0
ta01,ACS,21,3139,0.73,0.000,0.000,0
ta01,ACS,22,2754,0.74,0.000,0.000,0
ta01,ACS,23,2936,0.76,0.000,0.000,0
ta01,ACS,24,3020,0.76,0.000,0.000,0
ta01,ACS,25,3189,0.75,0.000,0.000,0
