instance,refreshes,fit_s,treeshap_s,run_wall_s
ft06,2,0.671,0.198,1.04
ft06,1,0.334,0.092,0.57
ft06,1,0.331,0.093,0.57
ft06,3,1.049,0.320,1.55
ft06,2,0.667,0.210,1.04
ft06,2,0.676,0.190,1.05
ft06,2,0.672,0.194,1.03
ft06,3,0.997,0.296,1.47
ft06,4,1.378,0.419,2.00
ft06,1,0.336,0.095,0.59
ft06,1,0.319,0.090,0.55
ft06,1,0.318,0.097,0.57
ft06,5,1.644,0.489,2.34
ft06,1,0.317,0.088,0.55
ft06,2,0.667,0.196,1.03
ft06,3,0.991,0.294,1.46
ft06,3,1.006,0.291,1.48
ft06,3,0.984,0.295,1.46
ft06,2,0.649,0.187,1.01
ft06,1,0.332,0.096,0.58
ft06,2,0.670,0.188,1.02
ft06,2,0.652,0.189,1.01
ft06,1,0.321,0.090,0.56
ft06,3,1.020,0.317,1.52
ft06,2,0.652,0.193,1.01
la01,2,0.865,0.249,1.36
la01,2,0.891,0.266,1.40
la01,2,0.884,0.254,1.39
la01,2,0.863,0.248,1.36
la01,7,3.316,1.109,4.78
la01,2,0.869,0.262,1.37
la01,3,1.344,0.414,2.03
la01,1,0.422,0.127,0.78
la01,1,0.411,0.120,0.76
la01,2,0.910,0.275,1.43
la01,4,1.771,0.536,2.59
la01,2,0.849,0.250,1.35
la01,1,0.427,0.125,0.78
la01,4,1.850,0.568,2.72
la01,2,0.975,0.306,1.55
la01,1,0.440,0.123,0.81
la01,2,0.871,0.249,1.37
la01,2,0.869,0.288,1.40
la01,2,0.847,0.249,1.34
la01,3,1.319,0.411,1.99
la01,3,1.341,0.412,2.02
la01,1,0.430,0.122,0.79
la01,2,0.880,0.249,1.38
la01,3,1.357,0.435,2.05
la01,2,0.853,0.247,1.35
la02,1,0.419,0.121,0.76
la02,2,0.860,0.249,1.35
la02,1,0.429,0.123,0.79
la02,2,0.887,0.256,1.39
la02,2,0.974,0.298,1.53
la02,3,1.469,0.480,2.22
la02,1,0.418,0.120,0.76
la02,2,0.949,0.279,1.47
la02,6,2.755,0.867,3.94
la02,2,0.891,0.258,1.39
la02,2,0.872,0.247,1.36
la02,2,0.909,0.281,1.43
la02,2,0.884,0.256,1.39
la02,3,1.360,0.407,2.04
la02,4,1.872,0.605,2.81
la02,2,0.860,0.255,1.36
la02,1,0.448,0.125,0.81
la02,2,0.878,0.265,1.38
la02,2,0.884,0.251,1.39
la02,2,0.889,0.260,1.39
la02,2,0.925,0.283,1.45
la02,2,0.872,0.273,1.39
la02,1,0.449,0.129,0.81
la02,1,0.429,0.125,0.78
la02,2,0.913,0.277,1.43
la03,1,0.428,0.126,0.81
la03,2,0.906,0.261,1.41
la03,7,3.506,1.375,5.25
la03,3,1.317,0.395,1.99
la03,1,0.430,0.128,0.79
la03,6,2.816,1.006,4.15
la03,2,0.879,0.263,1.39
la03,1,0.440,0.124,0.79
la03,1,0.423,0.122,0.77
la03,2,0.871,0.251,1.37
la03,1,0.423,0.122,0.78
la03,5,2.679,0.976,3.99
la03,2,0.884,0.263,1.39
la03,2,0.927,0.272,1.44
la03,3,1.325,0.385,1.97
la03,2,0.918,0.258,1.43
la03,2,0.931,0.280,1.47
la03,1,0.432,0.127,0.79
la03,3,1.324,0.387,1.98
la03,2,0.891,0.263,1.41
la03,2,0.921,0.278,1.45
la03,2,0.911,0.259,1.42
la03,1,0.425,0.127,0.78
la03,1,0.417,0.125,0.77
la03,3,1.407,0.442,2.12
la04,3,1.365,0.409,2.05
la04,5,2.393,0.839,3.55
la04,1,0.431,0.126,0.79
la04,5,2.504,0.806,3.63
la04,3,1.359,0.413,2.05
la04,5,2.286,0.712,3.30
la04,2,0.903,0.268,1.42
la04,3,1.328,0.407,1.99
la04,2,0.915,0.287,1.45
la04,1,0.426,0.125,0.78
la04,2,0.883,0.267,1.40
la04,2,0.868,0.252,1.37
la04,2,0.864,0.256,1.37
la04,3,1.376,0.433,2.08
la04,3,1.378,0.427,2.07
la04,5,2.265,0.700,3.26
la04,7,3.594,1.260,5.22
la04,1,0.434,0.126,0.79
la04,1,0.442,0.128,0.81
la04,4,1.896,0.590,2.78
la04,2,0.973,0.314,1.55
la04,1,0.427,0.124,0.78
la04,2,0.863,0.253,1.36
la04,3,1.336,0.394,1.99
la04,3,1.352,0.425,2.04
la05,3,1.357,0.417,2.04
la05,2,0.915,0.275,1.44
la05,2,0.914,0.291,1.46
la05,1,0.433,0.124,0.80
la05,2,0.878,0.260,1.40
la05,3,1.355,0.413,2.04
la05,1,0.424,0.126,0.78
la05,1,0.428,0.124,0.77
la05,2,0.883,0.273,1.41
la05,2,0.841,0.255,1.34
la05,3,1.297,0.396,1.95
la05,5,2.363,0.850,3.52
la05,5,2.200,0.663,3.16
la05,2,0.875,0.265,1.39
la05,1,0.420,0.125,0.78
la05,2,1.074,0.364,1.79
la05,2,0.876,0.261,1.39
la05,2,0.889,0.263,1.40
la05,2,0.883,0.256,1.39
la05,5,2.332,0.856,3.50
la05,2,0.868,0.265,1.38
la05,1,0.418,0.124,0.77
la05,2,0.880,0.266,1.39
la05,3,1.424,0.432,2.14
la05,1,0.484,0.152,0.89
ft10,2,1.598,0.603,2.68
ft10,2,1.483,0.530,2.47
ft10,2,1.541,0.568,2.57
ft10,2,1.496,0.527,2.48
ft10,1,0.741,0.248,1.38
ft10,2,1.614,0.604,2.70
ft10,1,0.726,0.265,1.42
ft10,2,1.416,0.524,2.38
ft10,1,0.685,0.247,1.32
ft10,2,1.452,0.534,2.40
ft10,2,1.539,0.582,2.55
ft10,2,1.446,0.524,2.40
ft10,2,1.377,0.497,2.30
ft10,1,0.674,0.235,1.30
ft10,1,0.676,0.238,1.30
ft10,2,1.483,0.543,2.45
ft10,1,0.692,0.246,1.33
ft10,1,0.742,0.251,1.39
ft10,2,1.386,0.493,2.30
ft10,2,1.513,0.549,2.49
ft10,1,0.681,0.237,1.31
ft10,1,0.697,0.258,1.35
ft10,2,1.576,0.583,2.61
ft10,2,1.520,0.562,2.51
ft10,1,0.705,0.245,1.38
abz5,2,1.425,0.511,2.35
abz5,2,1.348,0.518,2.28
abz5,2,1.370,0.491,2.29
abz5,1,0.677,0.236,1.30
abz5,2,1.359,0.494,2.27
abz5,3,2.373,0.935,3.77
abz5,2,1.344,0.479,2.23
abz5,2,1.461,0.534,2.43
abz5,2,1.502,0.615,2.56
abz5,2,1.465,0.557,2.46
abz5,1,0.689,0.237,1.31
abz5,3,2.293,0.853,3.61
abz5,3,2.066,0.746,3.25
abz5,2,1.378,0.506,2.31
abz5,2,1.389,0.512,2.33
abz5,2,1.379,0.494,2.29
abz5,2,1.387,0.486,2.29
abz5,2,1.401,0.512,2.34
abz5,2,1.547,0.623,2.62
abz5,2,1.327,0.478,2.21
abz5,2,1.330,0.477,2.21
abz5,3,2.119,0.760,3.32
abz5,2,1.365,0.503,2.30
abz5,2,1.425,0.477,2.34
abz5,2,1.329,0.481,2.22
orb01,1,0.695,0.244,1.32
orb01,1,0.701,0.236,1.33
orb01,2,1.552,0.555,2.56
orb01,1,0.757,0.270,1.41
orb01,2,1.547,0.544,2.50
orb01,2,1.441,0.505,2.36
orb01,2,1.561,0.560,2.55
orb01,1,0.716,0.243,1.35
orb01,2,1.575,0.575,2.58
orb01,2,1.518,0.531,2.47
orb01,1,0.701,0.237,1.33
orb01,1,0.749,0.266,1.41
orb01,2,1.476,0.508,2.40
orb01,1,0.734,0.241,1.38
orb01,3,2.322,0.815,3.60
orb01,2,1.451,0.507,2.37
orb01,2,1.460,0.502,2.37
orb01,2,1.469,0.528,2.41
orb01,2,1.406,0.501,2.31
orb01,2,1.479,0.533,2.42
orb01,2,1.453,0.521,2.38
orb01,2,1.479,0.529,2.43
orb01,1,0.691,0.244,1.32
orb01,2,1.555,0.547,2.58
orb01,2,1.560,0.607,2.59
ta01,2,1.915,0.669,3.64
ta01,2,1.893,0.673,3.62
ta01,2,1.850,0.672,3.56
ta01,2,1.830,0.687,3.54
ta01,2,1.843,0.675,3.57
ta01,2,1.874,0.691,3.61
ta01,1,0.978,0.340,2.32
ta01,2,1.856,0.678,3.56
ta01,1,0.921,0.349,2.25
ta01,1,0.935,0.336,2.26
ta01,2,1.876,0.675,3.63
ta01,1,0.932,0.346,2.29
ta01,1,0.943,0.337,2.28
ta01,2,1.847,0.689,3.58
ta01,2,1.858,0.680,3.56
ta01,2,1.847,0.680,3.59
ta01,2,1.899,0.697,3.70
ta01,1,0.961,0.353,2.31
ta01,2,1.878,0.669,3.59
ta01,1,0.927,0.338,2.24
ta01,1,0.920,0.341,2.28
ta01,3,2.776,1.024,4.91
ta01,2,1.849,0.672,3.57
ta01,1,0.910,0.341,2.23
ta01,2,1.843,0.677,3.56
